transaction_id,timestamp,channel,currency,error_code,error_message,resolution_status
TXN1000,2025-06-20 20:08:26,SWIFT,USD,E006,Daily limit exceeded,Manual Fix
TXN1001,2025-06-16 15:34:12,RTGS,USD,E006,Daily limit exceeded,Manual Fix
TXN1002,2025-06-28 18:51:46,M-PESA,EUR,E002,Insufficient funds,Retry
TXN1003,2025-06-27 07:45:00,SWIFT,EUR,E001,Account does not exist,Manual Fix
TXN1004,2025-06-26 06:29:23,SWIFT,USD,E004,Invalid FX rate,Escalate
TXN1005,2025-06-22 05:00:14,M-PESA,USD,E001,Account does not exist,Manual Fix
TXN1006,2025-06-20 09:50:45,SWIFT,EUR,E005,Unauthorized access,Escalate
TXN1007,2025-07-11 21:49:43,PESALINK,USD,E002,Insufficient funds,Retry
TXN1008,2025-06-19 15:43:17,RTGS,USD,E004,Invalid FX rate,Escalate
TXN1009,2025-07-14 02:24:15,PESALINK,KES,E002,Insufficient funds,Retry
TXN1010,2025-07-05 22:00:18,M-PESA,USD,E003,Timeout occurred,Retry
TXN1011,2025-06-16 23:27:36,SWIFT,USD,E003,Timeout occurred,Retry
TXN1012,2025-06-16 21:08:48,SWIFT,KES,E004,Invalid FX rate,Escalate
TXN1013,2025-06-19 23:35:36,RTGS,USD,E003,Timeout occurred,Retry
TXN1014,2025-06-26 01:09:44,PESALINK,EUR,E006,Daily limit exceeded,Manual Fix
TXN1015,2025-06-26 17:30:00,PESALINK,USD,E001,Account does not exist,Manual Fix
TXN1016,2025-07-09 23:12:43,RTGS,EUR,E005,Unauthorized access,Escalate
TXN1017,2025-07-14 15:49:59,RTGS,EUR,E005,Unauthorized access,Escalate
TXN1018,2025-06-16 17:20:49,SWIFT,USD,E002,Insufficient funds,Retry
TXN1019,2025-07-12 16:19:42,M-PESA,KES,E006,Daily limit exceeded,Manual Fix
TXN1020,2025-06-25 02:05:35,M-PESA,USD,E001,Account does not exist,Manual Fix
TXN1021,2025-07-11 21:20:00,RTGS,KES,E004,Invalid FX rate,Escalate
TXN1022,2025-07-05 19:12:23,RTGS,USD,E006,Daily limit exceeded,Manual Fix
TXN1023,2025-06-26 03:15:44,RTGS,USD,E003,Timeout occurred,Retry
TXN1024,2025-07-07 05:47:49,RTGS,EUR,E006,Daily limit exceeded,Manual Fix
TXN1025,2025-07-14 00:58:29,SWIFT,EUR,E006,Daily limit exceeded,Manual Fix
TXN1026,2025-06-28 22:32:46,M-PESA,EUR,E006,Daily limit exceeded,Manual Fix
TXN1027,2025-06-15 18:00:07,M-PESA,USD,E006,Daily limit exceeded,Manual Fix
TXN1028,2025-06-23 04:26:49,PESALINK,KES,E004,Invalid FX rate,Escalate
TXN1029,2025-07-05 22:48:43,M-PESA,EUR,E006,Daily limit exceeded,Manual Fix
TXN1030,2025-07-01 22:51:04,SWIFT,USD,E003,Timeout occurred,Retry
TXN1031,2025-06-28 22:10:26,RTGS,KES,E001,Account does not exist,Manual Fix
TXN1032,2025-06-22 23:34:38,SWIFT,USD,E003,Timeout occurred,Retry
TXN1033,2025-06-25 21:17:21,RTGS,USD,E005,Unauthorized access,Escalate
TXN1034,2025-07-01 18:35:29,PESALINK,KES,E006,Daily limit exceeded,Manual Fix
TXN1035,2025-06-20 09:30:50,PESALINK,USD,E006,Daily limit exceeded,Manual Fix
TXN1036,2025-06-19 22:29:14,M-PESA,USD,E003,Timeout occurred,Retry
TXN1037,2025-07-03 21:04:40,RTGS,EUR,E006,Daily limit exceeded,Manual Fix
TXN1038,2025-06-20 03:06:47,PESALINK,EUR,E005,Unauthorized access,Escalate
TXN1039,2025-07-02 20:40:18,RTGS,USD,E004,Invalid FX rate,Escalate
TXN1040,2025-07-02 03:10:04,PESALINK,USD,E002,Insufficient funds,Retry
TXN1041,2025-07-14 17:49:20,SWIFT,USD,E001,Account does not exist,Manual Fix
TXN1042,2025-06-28 06:37:10,M-PESA,EUR,E006,Daily limit exceeded,Manual Fix
TXN1043,2025-06-17 13:03:14,SWIFT,KES,E004,Invalid FX rate,Escalate
TXN1044,2025-07-07 17:41:57,PESALINK,EUR,E004,Invalid FX rate,Escalate
TXN1045,2025-07-11 11:10:53,SWIFT,EUR,E003,Timeout occurred,Retry
TXN1046,2025-06-21 11:51:48,SWIFT,EUR,E006,Daily limit exceeded,Manual Fix
TXN1047,2025-07-03 19:27:18,RTGS,EUR,E005,Unauthorized access,Escalate
TXN1048,2025-06-19 06:14:21,SWIFT,KES,E003,Timeout occurred,Retry
TXN1049,2025-07-12 05:36:16,M-PESA,KES,E004,Invalid FX rate,Escalate
TXN1050,2025-06-29 16:00:28,RTGS,EUR,E001,Account does not exist,Manual Fix
TXN1051,2025-07-02 23:45:57,SWIFT,EUR,E002,Insufficient funds,Retry
TXN1052,2025-07-13 11:05:40,M-PESA,USD,E003,Timeout occurred,Retry
TXN1053,2025-06-24 18:27:46,M-PESA,EUR,E003,Timeout occurred,Retry
TXN1054,2025-06-18 19:28:05,SWIFT,EUR,E005,Unauthorized access,Escalate
TXN1055,2025-06-17 15:49:11,PESALINK,USD,E003,Timeout occurred,Retry
TXN1056,2025-06-26 11:57:04,RTGS,KES,E001,Account does not exist,Manual Fix
TXN1057,2025-06-29 11:35:31,SWIFT,USD,E002,Insufficient funds,Retry
TXN1058,2025-06-19 07:23:41,SWIFT,USD,E005,Unauthorized access,Escalate
TXN1059,2025-06-26 17:39:05,PESALINK,USD,E006,Daily limit exceeded,Manual Fix
TXN1060,2025-06-20 08:06:20,M-PESA,USD,E005,Unauthorized access,Escalate
TXN1061,2025-07-03 21:18:34,PESALINK,EUR,E006,Daily limit exceeded,Manual Fix
TXN1062,2025-06-28 22:17:35,RTGS,EUR,E002,Insufficient funds,Retry
TXN1063,2025-07-07 10:41:30,PESALINK,USD,E005,Unauthorized access,Escalate
TXN1064,2025-07-03 03:29:27,M-PESA,EUR,E005,Unauthorized access,Escalate
TXN1065,2025-06-23 07:56:10,PESALINK,EUR,E003,Timeout occurred,Retry
TXN1066,2025-07-03 09:43:21,RTGS,KES,E006,Daily limit exceeded,Manual Fix
TXN1067,2025-07-02 16:21:03,PESALINK,USD,E005,Unauthorized access,Escalate
TXN1068,2025-06-25 14:31:26,M-PESA,USD,E002,Insufficient funds,Retry
TXN1069,2025-06-28 09:28:56,SWIFT,EUR,E003,Timeout occurred,Retry
TXN1070,2025-06-18 21:37:13,M-PESA,EUR,E005,Unauthorized access,Escalate
TXN1071,2025-07-15 00:07:10,SWIFT,USD,E002,Insufficient funds,Retry
TXN1072,2025-06-23 17:49:17,SWIFT,USD,E006,Daily limit exceeded,Manual Fix
TXN1073,2025-07-11 08:44:55,SWIFT,KES,E001,Account does not exist,Manual Fix
TXN1074,2025-06-27 07:39:21,M-PESA,KES,E001,Account does not exist,Manual Fix
TXN1075,2025-06-23 08:48:29,PESALINK,USD,E006,Daily limit exceeded,Manual Fix
TXN1076,2025-07-07 21:00:09,M-PESA,EUR,E005,Unauthorized access,Escalate
TXN1077,2025-07-03 20:31:41,PESALINK,USD,E005,Unauthorized access,Escalate
TXN1078,2025-06-28 12:56:33,PESALINK,USD,E004,Invalid FX rate,Escalate
TXN1079,2025-07-12 11:19:26,SWIFT,EUR,E001,Account does not exist,Manual Fix
TXN1080,2025-06-26 02:18:02,RTGS,KES,E004,Invalid FX rate,Escalate
TXN1081,2025-07-01 04:14:50,PESALINK,EUR,E004,Invalid FX rate,Escalate
TXN1082,2025-06-18 03:36:10,SWIFT,USD,E001,Account does not exist,Manual Fix
TXN1083,2025-06-26 13:17:27,RTGS,USD,E004,Invalid FX rate,Escalate
TXN1084,2025-06-16 23:49:48,M-PESA,USD,E002,Insufficient funds,Retry
TXN1085,2025-06-30 17:57:35,PESALINK,USD,E005,Unauthorized access,Escalate
TXN1086,2025-07-04 21:49:17,M-PESA,KES,E004,Invalid FX rate,Escalate
TXN1087,2025-06-28 10:22:16,M-PESA,USD,E004,Invalid FX rate,Escalate
TXN1088,2025-06-18 15:32:45,SWIFT,USD,E004,Invalid FX rate,Escalate
TXN1089,2025-06-25 16:14:36,SWIFT,USD,E006,Daily limit exceeded,Manual Fix
TXN1090,2025-07-12 23:14:35,M-PESA,KES,E002,Insufficient funds,Retry
TXN1091,2025-06-30 17:03:24,PESALINK,USD,E004,Invalid FX rate,Escalate
TXN1092,2025-06-25 18:09:30,SWIFT,USD,E004,Invalid FX rate,Escalate
TXN1093,2025-07-09 16:04:37,SWIFT,KES,E004,Invalid FX rate,Escalate
TXN1094,2025-07-04 15:22:30,PESALINK,KES,E003,Timeout occurred,Retry
TXN1095,2025-07-07 17:01:54,PESALINK,USD,E004,Invalid FX rate,Escalate
TXN1096,2025-06-22 08:53:16,RTGS,USD,E002,Insufficient funds,Retry
TXN1097,2025-06-28 07:02:17,SWIFT,EUR,E001,Account does not exist,Manual Fix
TXN1098,2025-06-22 05:06:42,SWIFT,USD,E003,Timeout occurred,Retry
TXN1099,2025-06-27 09:46:20,PESALINK,EUR,E005,Unauthorized access,Escalate
TXN1100,2025-07-12 16:28:18,M-PESA,USD,E005,Unauthorized access,Escalate
TXN1101,2025-07-11 14:23:04,SWIFT,USD,E005,Unauthorized access,Escalate
TXN1102,2025-06-28 04:32:48,SWIFT,EUR,E001,Account does not exist,Manual Fix
TXN1103,2025-07-13 19:31:21,PESALINK,USD,E002,Insufficient funds,Retry
TXN1104,2025-07-06 05:35:31,M-PESA,EUR,E005,Unauthorized access,Escalate
TXN1105,2025-07-13 18:17:44,SWIFT,EUR,E005,Unauthorized access,Escalate
TXN1106,2025-07-04 19:45:57,PESALINK,EUR,E001,Account does not exist,Manual Fix
TXN1107,2025-07-03 00:11:13,RTGS,KES,E005,Unauthorized access,Escalate
TXN1108,2025-06-26 01:57:27,RTGS,USD,E002,Insufficient funds,Retry
TXN1109,2025-06-22 03:35:55,PESALINK,USD,E003,Timeout occurred,Retry
TXN1110,2025-07-10 04:04:18,RTGS,KES,E006,Daily limit exceeded,Manual Fix
TXN1111,2025-07-09 09:25:05,SWIFT,USD,E003,Timeout occurred,Retry
TXN1112,2025-06-19 20:20:51,SWIFT,USD,E004,Invalid FX rate,Escalate
TXN1113,2025-06-17 17:19:30,M-PESA,EUR,E005,Unauthorized access,Escalate
TXN1114,2025-06-20 18:10:51,M-PESA,KES,E003,Timeout occurred,Retry
TXN1115,2025-06-22 20:30:12,M-PESA,KES,E001,Account does not exist,Manual Fix
TXN1116,2025-06-23 04:49:23,M-PESA,KES,E003,Timeout occurred,Retry
TXN1117,2025-07-05 22:16:57,RTGS,EUR,E005,Unauthorized access,Escalate
TXN1118,2025-07-14 09:17:50,SWIFT,EUR,E006,Daily limit exceeded,Manual Fix
TXN1119,2025-06-18 12:26:44,RTGS,EUR,E005,Unauthorized access,Escalate
TXN1120,2025-07-04 02:43:01,M-PESA,KES,E001,Account does not exist,Manual Fix
TXN1121,2025-07-03 23:02:57,SWIFT,EUR,E001,Account does not exist,Manual Fix
TXN1122,2025-07-14 08:41:27,M-PESA,KES,E005,Unauthorized access,Escalate
TXN1123,2025-07-08 03:44:53,M-PESA,EUR,E003,Timeout occurred,Retry
TXN1124,2025-07-11 02:53:36,M-PESA,EUR,E003,Timeout occurred,Retry
TXN1125,2025-06-27 15:20:57,RTGS,EUR,E006,Daily limit exceeded,Manual Fix
TXN1126,2025-07-12 06:59:07,RTGS,USD,E004,Invalid FX rate,Escalate
TXN1127,2025-06-15 23:48:24,PESALINK,KES,E001,Account does not exist,Manual Fix
TXN1128,2025-06-20 23:53:34,SWIFT,KES,E001,Account does not exist,Manual Fix
TXN1129,2025-07-11 12:02:46,RTGS,USD,E002,Insufficient funds,Retry
TXN1130,2025-06-28 09:18:15,PESALINK,EUR,E006,Daily limit exceeded,Manual Fix
TXN1131,2025-07-01 22:45:49,PESALINK,EUR,E006,Daily limit exceeded,Manual Fix
TXN1132,2025-06-20 20:23:53,SWIFT,USD,E001,Account does not exist,Manual Fix
TXN1133,2025-06-29 16:22:58,M-PESA,EUR,E006,Daily limit exceeded,Manual Fix
TXN1134,2025-07-06 12:58:07,RTGS,EUR,E001,Account does not exist,Manual Fix
TXN1135,2025-06-23 02:41:51,M-PESA,KES,E005,Unauthorized access,Escalate
TXN1136,2025-07-07 11:03:25,SWIFT,KES,E002,Insufficient funds,Retry
TXN1137,2025-06-15 14:12:41,SWIFT,KES,E003,Timeout occurred,Retry
TXN1138,2025-06-28 05:18:03,M-PESA,EUR,E002,Insufficient funds,Retry
TXN1139,2025-07-09 17:39:20,RTGS,EUR,E001,Account does not exist,Manual Fix
TXN1140,2025-06-24 02:34:30,M-PESA,USD,E004,Invalid FX rate,Escalate
TXN1141,2025-07-10 01:55:21,M-PESA,KES,E002,Insufficient funds,Retry
TXN1142,2025-06-20 14:24:29,M-PESA,EUR,E001,Account does not exist,Manual Fix
TXN1143,2025-06-29 22:08:38,PESALINK,EUR,E003,Timeout occurred,Retry
TXN1144,2025-07-10 01:54:02,M-PESA,KES,E006,Daily limit exceeded,Manual Fix
TXN1145,2025-07-14 23:55:56,SWIFT,KES,E002,Insufficient funds,Retry
TXN1146,2025-06-25 02:10:43,PESALINK,USD,E001,Account does not exist,Manual Fix
TXN1147,2025-06-22 20:30:04,PESALINK,KES,E002,Insufficient funds,Retry
TXN1148,2025-07-03 14:04:18,M-PESA,USD,E003,Timeout occurred,Retry
TXN1149,2025-06-23 06:38:55,M-PESA,KES,E001,Account does not exist,Manual Fix
TXN1150,2025-07-11 14:51:09,RTGS,USD,E003,Timeout occurred,Retry
TXN1151,2025-07-11 04:20:14,RTGS,EUR,E003,Timeout occurred,Retry
TXN1152,2025-06-15 11:05:48,PESALINK,EUR,E005,Unauthorized access,Escalate
TXN1153,2025-07-14 12:15:05,RTGS,USD,E005,Unauthorized access,Escalate
TXN1154,2025-07-01 04:05:59,RTGS,USD,E001,Account does not exist,Manual Fix
TXN1155,2025-07-09 03:41:50,RTGS,USD,E005,Unauthorized access,Escalate
TXN1156,2025-06-16 09:07:21,PESALINK,KES,E001,Account does not exist,Manual Fix
TXN1157,2025-06-20 20:45:57,RTGS,KES,E006,Daily limit exceeded,Manual Fix
TXN1158,2025-07-03 01:20:01,SWIFT,KES,E005,Unauthorized access,Escalate
TXN1159,2025-06-30 08:42:37,M-PESA,KES,E005,Unauthorized access,Escalate
TXN1160,2025-06-27 01:24:45,PESALINK,USD,E001,Account does not exist,Manual Fix
TXN1161,2025-06-18 05:55:05,M-PESA,KES,E005,Unauthorized access,Escalate
TXN1162,2025-06-27 03:03:58,SWIFT,EUR,E004,Invalid FX rate,Escalate
TXN1163,2025-07-12 23:26:57,RTGS,EUR,E003,Timeout occurred,Retry
TXN1164,2025-06-19 06:11:21,RTGS,EUR,E001,Account does not exist,Manual Fix
TXN1165,2025-06-19 14:13:26,PESALINK,KES,E003,Timeout occurred,Retry
TXN1166,2025-07-09 00:39:01,RTGS,EUR,E004,Invalid FX rate,Escalate
TXN1167,2025-06-18 19:04:08,M-PESA,KES,E002,Insufficient funds,Retry
TXN1168,2025-07-11 07:04:41,PESALINK,EUR,E006,Daily limit exceeded,Manual Fix
TXN1169,2025-06-21 12:57:07,M-PESA,EUR,E006,Daily limit exceeded,Manual Fix
TXN1170,2025-06-21 16:01:02,RTGS,KES,E005,Unauthorized access,Escalate
TXN1171,2025-07-08 12:10:28,SWIFT,KES,E005,Unauthorized access,Escalate
TXN1172,2025-07-12 02:59:53,M-PESA,KES,E003,Timeout occurred,Retry
TXN1173,2025-06-23 10:49:02,RTGS,KES,E005,Unauthorized access,Escalate
TXN1174,2025-06-28 07:14:38,PESALINK,EUR,E004,Invalid FX rate,Escalate
TXN1175,2025-07-11 01:12:54,PESALINK,EUR,E002,Insufficient funds,Retry
TXN1176,2025-07-14 21:09:49,SWIFT,KES,E002,Insufficient funds,Retry
TXN1177,2025-07-05 23:25:19,RTGS,USD,E005,Unauthorized access,Escalate
TXN1178,2025-06-25 17:11:36,RTGS,USD,E002,Insufficient funds,Retry
TXN1179,2025-07-11 14:45:21,M-PESA,USD,E002,Insufficient funds,Retry
TXN1180,2025-06-25 04:47:18,M-PESA,KES,E001,Account does not exist,Manual Fix
TXN1181,2025-06-30 13:36:22,SWIFT,KES,E005,Unauthorized access,Escalate
TXN1182,2025-07-04 19:17:24,M-PESA,EUR,E004,Invalid FX rate,Escalate
TXN1183,2025-07-03 13:29:49,PESALINK,KES,E006,Daily limit exceeded,Manual Fix
TXN1184,2025-07-06 16:51:14,M-PESA,USD,E004,Invalid FX rate,Escalate
TXN1185,2025-07-10 13:27:00,SWIFT,USD,E006,Daily limit exceeded,Manual Fix
TXN1186,2025-07-07 08:27:00,M-PESA,USD,E004,Invalid FX rate,Escalate
TXN1187,2025-06-21 07:24:38,PESALINK,USD,E006,Daily limit exceeded,Manual Fix
TXN1188,2025-06-27 11:15:41,M-PESA,USD,E005,Unauthorized access,Escalate
TXN1189,2025-06-26 08:13:18,M-PESA,KES,E004,Invalid FX rate,Escalate
TXN1190,2025-06-18 13:01:34,RTGS,KES,E006,Daily limit exceeded,Manual Fix
TXN1191,2025-07-01 20:19:43,PESALINK,EUR,E005,Unauthorized access,Escalate
TXN1192,2025-06-16 10:56:14,M-PESA,EUR,E004,Invalid FX rate,Escalate
TXN1193,2025-07-13 23:51:35,PESALINK,KES,E004,Invalid FX rate,Escalate
TXN1194,2025-07-12 07:47:45,RTGS,EUR,E002,Insufficient funds,Retry
TXN1195,2025-06-26 14:32:01,M-PESA,KES,E004,Invalid FX rate,Escalate
TXN1196,2025-07-14 00:00:46,SWIFT,EUR,E004,Invalid FX rate,Escalate
TXN1197,2025-06-26 03:00:08,M-PESA,KES,E003,Timeout occurred,Retry
TXN1198,2025-06-15 18:48:30,RTGS,EUR,E003,Timeout occurred,Retry
TXN1199,2025-06-18 21:08:36,M-PESA,USD,E001,Account does not exist,Manual Fix
TXN1200,2025-06-18 07:01:24,PESALINK,EUR,E002,Insufficient funds,Retry
TXN1201,2025-06-26 13:10:01,M-PESA,USD,E002,Insufficient funds,Retry
TXN1202,2025-06-18 16:57:27,PESALINK,KES,E004,Invalid FX rate,Escalate
TXN1203,2025-06-16 23:01:45,PESALINK,KES,E005,Unauthorized access,Escalate
TXN1204,2025-07-01 11:24:27,M-PESA,KES,E001,Account does not exist,Manual Fix
TXN1205,2025-06-18 20:59:07,SWIFT,EUR,E004,Invalid FX rate,Escalate
TXN1206,2025-07-10 09:27:57,PESALINK,USD,E004,Invalid FX rate,Escalate
TXN1207,2025-06-26 23:43:33,RTGS,KES,E003,Timeout occurred,Retry
TXN1208,2025-06-28 22:52:48,M-PESA,KES,E004,Invalid FX rate,Escalate
TXN1209,2025-07-08 23:58:45,RTGS,KES,E002,Insufficient funds,Retry
TXN1210,2025-06-25 20:02:04,SWIFT,KES,E004,Invalid FX rate,Escalate
TXN1211,2025-07-11 14:41:01,PESALINK,EUR,E003,Timeout occurred,Retry
TXN1212,2025-06-21 20:35:06,PESALINK,USD,E002,Insufficient funds,Retry
TXN1213,2025-07-13 03:44:38,SWIFT,KES,E005,Unauthorized access,Escalate
TXN1214,2025-07-13 09:45:56,SWIFT,USD,E005,Unauthorized access,Escalate
TXN1215,2025-07-08 09:07:55,PESALINK,USD,E006,Daily limit exceeded,Manual Fix
TXN1216,2025-06-27 05:32:34,M-PESA,USD,E004,Invalid FX rate,Escalate
TXN1217,2025-07-08 09:29:02,PESALINK,KES,E003,Timeout occurred,Retry
TXN1218,2025-07-05 04:41:23,PESALINK,KES,E002,Insufficient funds,Retry
TXN1219,2025-06-24 16:16:27,PESALINK,KES,E003,Timeout occurred,Retry
TXN1220,2025-06-20 00:19:41,RTGS,USD,E004,Invalid FX rate,Escalate
TXN1221,2025-06-20 03:21:47,SWIFT,EUR,E004,Invalid FX rate,Escalate
TXN1222,2025-07-06 08:38:29,SWIFT,KES,E005,Unauthorized access,Escalate
TXN1223,2025-07-02 15:13:01,SWIFT,EUR,E002,Insufficient funds,Retry
TXN1224,2025-07-05 23:56:07,SWIFT,USD,E001,Account does not exist,Manual Fix
TXN1225,2025-07-05 09:23:57,SWIFT,EUR,E002,Insufficient funds,Retry
TXN1226,2025-07-08 02:33:13,M-PESA,USD,E002,Insufficient funds,Retry
TXN1227,2025-06-18 01:32:40,SWIFT,EUR,E004,Invalid FX rate,Escalate
TXN1228,2025-06-20 05:05:44,PESALINK,EUR,E002,Insufficient funds,Retry
TXN1229,2025-06-18 09:02:57,RTGS,USD,E003,Timeout occurred,Retry
TXN1230,2025-07-04 23:31:06,SWIFT,USD,E005,Unauthorized access,Escalate
TXN1231,2025-07-01 21:44:48,SWIFT,EUR,E003,Timeout occurred,Retry
TXN1232,2025-06-20 17:44:17,RTGS,EUR,E001,Account does not exist,Manual Fix
TXN1233,2025-06-27 12:08:10,PESALINK,KES,E006,Daily limit exceeded,Manual Fix
TXN1234,2025-06-24 17:38:57,M-PESA,USD,E006,Daily limit exceeded,Manual Fix
TXN1235,2025-06-24 16:02:23,M-PESA,USD,E005,Unauthorized access,Escalate
TXN1236,2025-07-11 11:14:55,RTGS,EUR,E006,Daily limit exceeded,Manual Fix
TXN1237,2025-07-07 05:06:11,SWIFT,EUR,E005,Unauthorized access,Escalate
TXN1238,2025-06-22 05:45:17,RTGS,EUR,E001,Account does not exist,Manual Fix
TXN1239,2025-07-05 21:57:29,RTGS,USD,E004,Invalid FX rate,Escalate
TXN1240,2025-06-24 08:12:34,RTGS,USD,E005,Unauthorized access,Escalate
TXN1241,2025-06-28 22:57:33,PESALINK,USD,E004,Invalid FX rate,Escalate
TXN1242,2025-07-07 21:25:52,RTGS,EUR,E004,Invalid FX rate,Escalate
TXN1243,2025-06-27 13:28:34,M-PESA,KES,E004,Invalid FX rate,Escalate
TXN1244,2025-06-19 02:15:37,RTGS,EUR,E002,Insufficient funds,Retry
TXN1245,2025-07-06 22:42:55,PESALINK,KES,E005,Unauthorized access,Escalate
TXN1246,2025-07-12 03:36:21,RTGS,KES,E004,Invalid FX rate,Escalate
TXN1247,2025-06-20 04:30:08,SWIFT,KES,E002,Insufficient funds,Retry
TXN1248,2025-06-17 21:22:12,M-PESA,KES,E004,Invalid FX rate,Escalate
TXN1249,2025-07-11 16:15:40,PESALINK,KES,E005,Unauthorized access,Escalate
TXN1250,2025-06-16 03:37:28,PESALINK,KES,E001,Account does not exist,Manual Fix
TXN1251,2025-06-19 23:05:22,PESALINK,USD,E002,Insufficient funds,Retry
TXN1252,2025-06-26 21:49:57,RTGS,KES,E003,Timeout occurred,Retry
TXN1253,2025-06-23 12:11:49,RTGS,EUR,E003,Timeout occurred,Retry
TXN1254,2025-07-05 03:56:14,M-PESA,USD,E001,Account does not exist,Manual Fix
TXN1255,2025-07-09 00:14:36,PESALINK,KES,E002,Insufficient funds,Retry
TXN1256,2025-07-08 19:15:13,M-PESA,EUR,E005,Unauthorized access,Escalate
TXN1257,2025-06-25 19:27:51,PESALINK,KES,E004,Invalid FX rate,Escalate
TXN1258,2025-07-04 21:40:34,SWIFT,KES,E001,Account does not exist,Manual Fix
TXN1259,2025-06-18 06:44:44,PESALINK,EUR,E002,Insufficient funds,Retry
TXN1260,2025-06-23 10:14:48,RTGS,EUR,E002,Insufficient funds,Retry
TXN1261,2025-07-03 19:57:58,RTGS,KES,E005,Unauthorized access,Escalate
TXN1262,2025-06-15 12:56:30,RTGS,KES,E005,Unauthorized access,Escalate
TXN1263,2025-07-04 09:18:17,RTGS,KES,E006,Daily limit exceeded,Manual Fix
TXN1264,2025-06-28 07:24:52,PESALINK,KES,E006,Daily limit exceeded,Manual Fix
TXN1265,2025-07-07 12:33:13,RTGS,USD,E003,Timeout occurred,Retry
TXN1266,2025-06-29 06:46:11,M-PESA,KES,E001,Account does not exist,Manual Fix
TXN1267,2025-07-05 23:16:11,M-PESA,USD,E001,Account does not exist,Manual Fix
TXN1268,2025-07-12 09:56:51,PESALINK,KES,E002,Insufficient funds,Retry
TXN1269,2025-07-09 01:26:37,RTGS,USD,E006,Daily limit exceeded,Manual Fix
TXN1270,2025-06-22 22:46:54,RTGS,USD,E002,Insufficient funds,Retry
TXN1271,2025-06-24 15:40:39,M-PESA,KES,E003,Timeout occurred,Retry
TXN1272,2025-06-29 20:07:12,M-PESA,KES,E001,Account does not exist,Manual Fix
TXN1273,2025-06-26 00:04:13,SWIFT,EUR,E001,Account does not exist,Manual Fix
TXN1274,2025-06-18 06:34:06,M-PESA,EUR,E003,Timeout occurred,Retry
TXN1275,2025-07-13 13:13:28,SWIFT,USD,E004,Invalid FX rate,Escalate
TXN1276,2025-07-11 18:08:01,RTGS,KES,E005,Unauthorized access,Escalate
TXN1277,2025-06-18 09:27:04,PESALINK,KES,E004,Invalid FX rate,Escalate
TXN1278,2025-06-30 15:48:23,SWIFT,KES,E002,Insufficient funds,Retry
TXN1279,2025-06-18 05:01:58,SWIFT,USD,E004,Invalid FX rate,Escalate
TXN1280,2025-06-17 20:51:02,PESALINK,USD,E004,Invalid FX rate,Escalate
TXN1281,2025-07-13 19:02:48,SWIFT,USD,E005,Unauthorized access,Escalate
TXN1282,2025-07-08 13:55:45,RTGS,USD,E002,Insufficient funds,Retry
TXN1283,2025-07-09 20:17:37,SWIFT,EUR,E002,Insufficient funds,Retry
TXN1284,2025-07-11 05:14:14,M-PESA,EUR,E004,Invalid FX rate,Escalate
TXN1285,2025-06-23 01:51:10,PESALINK,KES,E004,Invalid FX rate,Escalate
TXN1286,2025-06-18 04:42:00,PESALINK,KES,E003,Timeout occurred,Retry
TXN1287,2025-07-10 02:05:37,SWIFT,EUR,E005,Unauthorized access,Escalate
TXN1288,2025-06-19 07:46:01,SWIFT,USD,E006,Daily limit exceeded,Manual Fix
TXN1289,2025-06-24 10:55:56,M-PESA,KES,E006,Daily limit exceeded,Manual Fix
TXN1290,2025-06-18 18:15:49,SWIFT,USD,E006,Daily limit exceeded,Manual Fix
TXN1291,2025-07-14 07:41:48,M-PESA,EUR,E002,Insufficient funds,Retry
TXN1292,2025-06-18 17:36:38,M-PESA,USD,E001,Account does not exist,Manual Fix
TXN1293,2025-06-26 20:27:46,PESALINK,EUR,E004,Invalid FX rate,Escalate
TXN1294,2025-07-05 00:51:47,PESALINK,KES,E005,Unauthorized access,Escalate
TXN1295,2025-06-21 06:06:30,M-PESA,KES,E001,Account does not exist,Manual Fix
TXN1296,2025-07-13 02:09:01,RTGS,EUR,E006,Daily limit exceeded,Manual Fix
TXN1297,2025-06-27 09:17:32,SWIFT,EUR,E004,Invalid FX rate,Escalate
TXN1298,2025-07-13 12:55:12,RTGS,EUR,E002,Insufficient funds,Retry
TXN1299,2025-07-14 07:05:44,M-PESA,KES,E005,Unauthorized access,Escalate
TXN1300,2025-06-17 08:43:58,M-PESA,EUR,E001,Account does not exist,Manual Fix
TXN1301,2025-06-19 09:56:53,RTGS,USD,E002,Insufficient funds,Retry
TXN1302,2025-07-05 18:51:46,SWIFT,USD,E001,Account does not exist,Manual Fix
TXN1303,2025-07-13 18:27:29,RTGS,KES,E003,Timeout occurred,Retry
TXN1304,2025-07-12 20:58:03,PESALINK,EUR,E001,Account does not exist,Manual Fix
TXN1305,2025-07-10 19:30:59,PESALINK,KES,E003,Timeout occurred,Retry
TXN1306,2025-06-30 19:01:41,PESALINK,KES,E005,Unauthorized access,Escalate
TXN1307,2025-06-28 02:14:40,SWIFT,KES,E001,Account does not exist,Manual Fix
TXN1308,2025-06-25 08:24:35,RTGS,EUR,E006,Daily limit exceeded,Manual Fix
TXN1309,2025-06-30 16:28:52,SWIFT,USD,E003,Timeout occurred,Retry
TXN1310,2025-06-27 00:31:11,SWIFT,EUR,E002,Insufficient funds,Retry
TXN1311,2025-06-28 07:53:38,SWIFT,USD,E003,Timeout occurred,Retry
TXN1312,2025-07-04 15:33:16,PESALINK,KES,E004,Invalid FX rate,Escalate
TXN1313,2025-06-21 18:54:53,PESALINK,EUR,E002,Insufficient funds,Retry
TXN1314,2025-06-29 23:57:08,SWIFT,KES,E004,Invalid FX rate,Escalate
TXN1315,2025-07-07 15:08:08,PESALINK,KES,E003,Timeout occurred,Retry
TXN1316,2025-06-30 18:48:13,SWIFT,USD,E003,Timeout occurred,Retry
TXN1317,2025-06-18 22:56:57,PESALINK,EUR,E003,Timeout occurred,Retry
TXN1318,2025-06-15 21:17:01,RTGS,EUR,E004,Invalid FX rate,Escalate
TXN1319,2025-07-07 16:22:18,SWIFT,KES,E004,Invalid FX rate,Escalate
TXN1320,2025-07-12 18:21:56,RTGS,KES,E001,Account does not exist,Manual Fix
TXN1321,2025-06-20 06:55:01,SWIFT,KES,E003,Timeout occurred,Retry
TXN1322,2025-06-18 23:47:07,SWIFT,EUR,E005,Unauthorized access,Escalate
TXN1323,2025-07-11 12:49:12,PESALINK,KES,E005,Unauthorized access,Escalate
TXN1324,2025-06-25 18:46:23,M-PESA,EUR,E001,Account does not exist,Manual Fix
TXN1325,2025-07-09 23:49:44,PESALINK,EUR,E003,Timeout occurred,Retry
TXN1326,2025-06-28 07:24:41,SWIFT,USD,E004,Invalid FX rate,Escalate
TXN1327,2025-06-21 20:45:13,M-PESA,KES,E003,Timeout occurred,Retry
TXN1328,2025-07-02 09:03:19,PESALINK,USD,E004,Invalid FX rate,Escalate
TXN1329,2025-06-18 18:34:41,M-PESA,EUR,E001,Account does not exist,Manual Fix
TXN1330,2025-06-27 07:02:33,RTGS,EUR,E002,Insufficient funds,Retry
TXN1331,2025-07-03 08:57:38,PESALINK,USD,E001,Account does not exist,Manual Fix
TXN1332,2025-06-29 06:27:53,SWIFT,KES,E002,Insufficient funds,Retry
TXN1333,2025-06-23 02:13:08,M-PESA,KES,E001,Account does not exist,Manual Fix
TXN1334,2025-07-06 16:57:09,RTGS,EUR,E006,Daily limit exceeded,Manual Fix
TXN1335,2025-07-11 19:19:31,RTGS,KES,E006,Daily limit exceeded,Manual Fix
TXN1336,2025-06-30 02:53:18,PESALINK,USD,E004,Invalid FX rate,Escalate
TXN1337,2025-07-15 03:05:12,M-PESA,KES,E004,Invalid FX rate,Escalate
TXN1338,2025-07-11 02:41:28,M-PESA,USD,E002,Insufficient funds,Retry
TXN1339,2025-06-15 19:32:42,PESALINK,KES,E003,Timeout occurred,Retry
TXN1340,2025-07-12 08:35:20,RTGS,USD,E005,Unauthorized access,Escalate
TXN1341,2025-06-29 23:13:55,RTGS,EUR,E003,Timeout occurred,Retry
TXN1342,2025-06-20 11:07:03,PESALINK,USD,E005,Unauthorized access,Escalate
TXN1343,2025-06-21 22:53:27,PESALINK,KES,E004,Invalid FX rate,Escalate
TXN1344,2025-06-28 06:33:20,PESALINK,KES,E003,Timeout occurred,Retry
TXN1345,2025-06-21 00:54:52,M-PESA,EUR,E003,Timeout occurred,Retry
TXN1346,2025-06-20 15:08:11,PESALINK,USD,E002,Insufficient funds,Retry
TXN1347,2025-07-12 06:58:58,SWIFT,KES,E004,Invalid FX rate,Escalate
TXN1348,2025-06-22 23:32:25,PESALINK,EUR,E006,Daily limit exceeded,Manual Fix
TXN1349,2025-06-28 15:44:21,PESALINK,EUR,E004,Invalid FX rate,Escalate
TXN1350,2025-06-29 02:42:01,M-PESA,KES,E006,Daily limit exceeded,Manual Fix
TXN1351,2025-07-14 19:06:30,M-PESA,EUR,E001,Account does not exist,Manual Fix
TXN1352,2025-06-25 15:49:54,RTGS,USD,E005,Unauthorized access,Escalate
TXN1353,2025-07-02 01:54:54,SWIFT,EUR,E004,Invalid FX rate,Escalate
TXN1354,2025-06-25 07:38:19,SWIFT,EUR,E004,Invalid FX rate,Escalate
TXN1355,2025-06-28 05:59:38,PESALINK,EUR,E002,Insufficient funds,Retry
TXN1356,2025-07-09 23:16:29,SWIFT,KES,E002,Insufficient funds,Retry
TXN1357,2025-07-09 03:36:41,RTGS,EUR,E003,Timeout occurred,Retry
TXN1358,2025-06-27 15:00:28,PESALINK,EUR,E006,Daily limit exceeded,Manual Fix
TXN1359,2025-06-17 21:36:56,RTGS,EUR,E001,Account does not exist,Manual Fix
TXN1360,2025-06-19 21:57:57,PESALINK,KES,E005,Unauthorized access,Escalate
TXN1361,2025-07-05 23:55:55,PESALINK,EUR,E006,Daily limit exceeded,Manual Fix
TXN1362,2025-06-28 20:47:10,SWIFT,USD,E001,Account does not exist,Manual Fix
TXN1363,2025-06-17 13:47:43,RTGS,USD,E006,Daily limit exceeded,Manual Fix
TXN1364,2025-06-15 14:33:41,SWIFT,KES,E006,Daily limit exceeded,Manual Fix
TXN1365,2025-07-01 15:03:07,SWIFT,KES,E001,Account does not exist,Manual Fix
TXN1366,2025-06-21 18:50:47,RTGS,USD,E002,Insufficient funds,Retry
TXN1367,2025-06-28 03:37:50,RTGS,USD,E001,Account does not exist,Manual Fix
TXN1368,2025-06-23 06:41:13,RTGS,KES,E003,Timeout occurred,Retry
TXN1369,2025-07-06 21:12:22,M-PESA,USD,E004,Invalid FX rate,Escalate
TXN1370,2025-07-12 05:11:05,PESALINK,EUR,E005,Unauthorized access,Escalate
TXN1371,2025-07-06 04:43:18,M-PESA,USD,E006,Daily limit exceeded,Manual Fix
TXN1372,2025-07-12 15:56:03,SWIFT,EUR,E002,Insufficient funds,Retry
TXN1373,2025-06-15 21:41:47,M-PESA,KES,E004,Invalid FX rate,Escalate
TXN1374,2025-06-20 20:46:23,M-PESA,USD,E005,Unauthorized access,Escalate
TXN1375,2025-06-19 02:05:45,RTGS,KES,E004,Invalid FX rate,Escalate
TXN1376,2025-06-22 16:05:28,SWIFT,KES,E003,Timeout occurred,Retry
TXN1377,2025-07-11 22:05:21,M-PESA,USD,E003,Timeout occurred,Retry
TXN1378,2025-06-17 04:24:22,RTGS,EUR,E004,Invalid FX rate,Escalate
TXN1379,2025-07-03 08:35:54,PESALINK,EUR,E003,Timeout occurred,Retry
TXN1380,2025-07-13 17:06:12,PESALINK,KES,E003,Timeout occurred,Retry
TXN1381,2025-07-12 06:10:08,PESALINK,KES,E002,Insufficient funds,Retry
TXN1382,2025-06-22 14:58:20,M-PESA,KES,E001,Account does not exist,Manual Fix
TXN1383,2025-07-06 07:10:06,RTGS,EUR,E005,Unauthorized access,Escalate
TXN1384,2025-06-21 14:54:55,RTGS,USD,E003,Timeout occurred,Retry
TXN1385,2025-06-17 11:09:52,PESALINK,KES,E006,Daily limit exceeded,Manual Fix
TXN1386,2025-06-30 09:34:39,SWIFT,EUR,E001,Account does not exist,Manual Fix
TXN1387,2025-07-03 03:16:49,PESALINK,KES,E006,Daily limit exceeded,Manual Fix
TXN1388,2025-06-17 08:54:41,RTGS,USD,E002,Insufficient funds,Retry
TXN1389,2025-07-02 19:18:30,M-PESA,EUR,E006,Daily limit exceeded,Manual Fix
TXN1390,2025-06-25 15:11:14,M-PESA,EUR,E003,Timeout occurred,Retry
TXN1391,2025-06-27 13:09:13,SWIFT,KES,E001,Account does not exist,Manual Fix
TXN1392,2025-06-20 10:11:37,SWIFT,EUR,E004,Invalid FX rate,Escalate
TXN1393,2025-07-02 14:29:45,M-PESA,USD,E003,Timeout occurred,Retry
TXN1394,2025-07-12 14:44:31,RTGS,EUR,E003,Timeout occurred,Retry
TXN1395,2025-07-05 03:53:40,M-PESA,USD,E004,Invalid FX rate,Escalate
TXN1396,2025-06-22 22:29:53,RTGS,EUR,E002,Insufficient funds,Retry
TXN1397,2025-06-26 22:14:58,RTGS,USD,E005,Unauthorized access,Escalate
TXN1398,2025-06-23 07:45:31,PESALINK,KES,E003,Timeout occurred,Retry
TXN1399,2025-06-24 00:42:41,RTGS,USD,E006,Daily limit exceeded,Manual Fix
TXN1400,2025-07-05 10:47:18,SWIFT,USD,E004,Invalid FX rate,Escalate
TXN1401,2025-06-16 15:18:31,PESALINK,EUR,E002,Insufficient funds,Retry
TXN1402,2025-06-24 03:24:03,SWIFT,KES,E003,Timeout occurred,Retry
TXN1403,2025-07-01 13:27:16,RTGS,EUR,E001,Account does not exist,Manual Fix
TXN1404,2025-07-05 10:06:40,PESALINK,KES,E001,Account does not exist,Manual Fix
TXN1405,2025-06-27 11:33:58,RTGS,EUR,E006,Daily limit exceeded,Manual Fix
TXN1406,2025-06-28 09:16:54,RTGS,USD,E004,Invalid FX rate,Escalate
TXN1407,2025-06-23 03:54:34,M-PESA,KES,E006,Daily limit exceeded,Manual Fix
TXN1408,2025-06-20 16:22:15,RTGS,EUR,E001,Account does not exist,Manual Fix
TXN1409,2025-07-04 00:07:26,SWIFT,EUR,E002,Insufficient funds,Retry
TXN1410,2025-06-17 07:32:52,RTGS,EUR,E004,Invalid FX rate,Escalate
TXN1411,2025-07-08 06:49:27,SWIFT,USD,E004,Invalid FX rate,Escalate
TXN1412,2025-06-26 05:35:04,SWIFT,KES,E001,Account does not exist,Manual Fix
TXN1413,2025-06-25 02:56:59,SWIFT,USD,E004,Invalid FX rate,Escalate
TXN1414,2025-07-07 18:43:21,M-PESA,KES,E002,Insufficient funds,Retry
TXN1415,2025-07-02 09:48:43,RTGS,EUR,E004,Invalid FX rate,Escalate
TXN1416,2025-06-30 06:00:13,PESALINK,EUR,E006,Daily limit exceeded,Manual Fix
TXN1417,2025-06-26 11:35:54,M-PESA,KES,E006,Daily limit exceeded,Manual Fix
TXN1418,2025-06-26 06:09:19,SWIFT,KES,E006,Daily limit exceeded,Manual Fix
TXN1419,2025-06-16 14:00:05,PESALINK,KES,E005,Unauthorized access,Escalate
TXN1420,2025-06-24 19:26:35,RTGS,USD,E001,Account does not exist,Manual Fix
TXN1421,2025-07-04 18:40:37,PESALINK,USD,E004,Invalid FX rate,Escalate
TXN1422,2025-07-01 08:53:00,SWIFT,EUR,E003,Timeout occurred,Retry
TXN1423,2025-06-28 23:01:35,RTGS,USD,E003,Timeout occurred,Retry
TXN1424,2025-06-18 19:18:41,RTGS,USD,E004,Invalid FX rate,Escalate
TXN1425,2025-06-28 23:38:05,PESALINK,USD,E001,Account does not exist,Manual Fix
TXN1426,2025-07-02 11:32:43,M-PESA,EUR,E006,Daily limit exceeded,Manual Fix
TXN1427,2025-07-10 03:55:52,SWIFT,USD,E006,Daily limit exceeded,Manual Fix
TXN1428,2025-07-04 20:05:22,M-PESA,USD,E003,Timeout occurred,Retry
TXN1429,2025-07-11 11:10:01,M-PESA,USD,E005,Unauthorized access,Escalate
TXN1430,2025-07-01 12:14:53,M-PESA,EUR,E005,Unauthorized access,Escalate
TXN1431,2025-06-16 18:35:15,M-PESA,KES,E002,Insufficient funds,Retry
TXN1432,2025-06-21 00:48:48,SWIFT,KES,E002,Insufficient funds,Retry
TXN1433,2025-06-28 02:46:05,M-PESA,EUR,E002,Insufficient funds,Retry
TXN1434,2025-06-24 02:28:37,M-PESA,USD,E003,Timeout occurred,Retry
TXN1435,2025-07-13 14:51:59,SWIFT,USD,E006,Daily limit exceeded,Manual Fix
TXN1436,2025-06-28 07:43:16,RTGS,USD,E001,Account does not exist,Manual Fix
TXN1437,2025-06-17 07:00:12,RTGS,USD,E005,Unauthorized access,Escalate
TXN1438,2025-06-20 16:43:43,RTGS,USD,E002,Insufficient funds,Retry
TXN1439,2025-07-14 09:29:11,PESALINK,EUR,E002,Insufficient funds,Retry
TXN1440,2025-07-06 12:44:02,SWIFT,KES,E001,Account does not exist,Manual Fix
TXN1441,2025-07-02 05:11:06,RTGS,EUR,E004,Invalid FX rate,Escalate
TXN1442,2025-06-30 15:53:28,SWIFT,KES,E005,Unauthorized access,Escalate
TXN1443,2025-07-06 14:51:58,M-PESA,EUR,E005,Unauthorized access,Escalate
TXN1444,2025-07-14 20:42:54,RTGS,KES,E001,Account does not exist,Manual Fix
TXN1445,2025-07-10 06:16:53,SWIFT,USD,E006,Daily limit exceeded,Manual Fix
TXN1446,2025-06-21 01:10:03,PESALINK,KES,E004,Invalid FX rate,Escalate
TXN1447,2025-07-04 03:12:56,SWIFT,KES,E006,Daily limit exceeded,Manual Fix
TXN1448,2025-07-13 10:12:15,PESALINK,USD,E006,Daily limit exceeded,Manual Fix
TXN1449,2025-06-24 15:53:18,RTGS,EUR,E001,Account does not exist,Manual Fix
TXN1450,2025-06-27 19:12:13,SWIFT,USD,E002,Insufficient funds,Retry
TXN1451,2025-06-17 14:08:40,RTGS,KES,E003,Timeout occurred,Retry
TXN1452,2025-07-06 14:28:27,RTGS,KES,E005,Unauthorized access,Escalate
TXN1453,2025-06-15 12:24:03,PESALINK,USD,E005,Unauthorized access,Escalate
TXN1454,2025-07-10 16:10:53,SWIFT,EUR,E006,Daily limit exceeded,Manual Fix
TXN1455,2025-07-11 13:46:21,M-PESA,KES,E006,Daily limit exceeded,Manual Fix
TXN1456,2025-06-24 23:59:35,M-PESA,KES,E004,Invalid FX rate,Escalate
TXN1457,2025-07-03 02:46:45,PESALINK,KES,E003,Timeout occurred,Retry
TXN1458,2025-07-06 08:55:42,SWIFT,KES,E004,Invalid FX rate,Escalate
TXN1459,2025-06-18 19:57:21,RTGS,EUR,E004,Invalid FX rate,Escalate
TXN1460,2025-07-01 11:08:29,RTGS,USD,E003,Timeout occurred,Retry
TXN1461,2025-06-30 16:10:07,PESALINK,USD,E006,Daily limit exceeded,Manual Fix
TXN1462,2025-06-21 11:37:46,SWIFT,USD,E001,Account does not exist,Manual Fix
TXN1463,2025-06-30 00:19:52,SWIFT,EUR,E004,Invalid FX rate,Escalate
TXN1464,2025-07-10 01:16:15,RTGS,USD,E006,Daily limit exceeded,Manual Fix
TXN1465,2025-06-30 10:46:23,SWIFT,EUR,E005,Unauthorized access,Escalate
TXN1466,2025-07-05 06:14:34,RTGS,EUR,E005,Unauthorized access,Escalate
TXN1467,2025-07-01 06:27:40,PESALINK,KES,E001,Account does not exist,Manual Fix
TXN1468,2025-07-04 23:15:39,PESALINK,EUR,E006,Daily limit exceeded,Manual Fix
TXN1469,2025-06-29 18:53:37,RTGS,EUR,E001,Account does not exist,Manual Fix
TXN1470,2025-07-12 08:22:04,RTGS,USD,E003,Timeout occurred,Retry
TXN1471,2025-06-21 14:43:53,M-PESA,USD,E005,Unauthorized access,Escalate
TXN1472,2025-06-24 17:56:25,PESALINK,USD,E006,Daily limit exceeded,Manual Fix
TXN1473,2025-07-05 20:17:09,RTGS,EUR,E001,Account does not exist,Manual Fix
TXN1474,2025-07-03 20:10:00,SWIFT,KES,E003,Timeout occurred,Retry
TXN1475,2025-06-23 21:11:13,M-PESA,KES,E005,Unauthorized access,Escalate
TXN1476,2025-07-15 07:33:26,SWIFT,EUR,E005,Unauthorized access,Escalate
TXN1477,2025-07-13 01:29:10,RTGS,USD,E006,Daily limit exceeded,Manual Fix
TXN1478,2025-06-30 01:03:45,RTGS,EUR,E002,Insufficient funds,Retry
TXN1479,2025-07-05 03:32:32,RTGS,KES,E003,Timeout occurred,Retry
TXN1480,2025-07-12 00:49:25,M-PESA,USD,E001,Account does not exist,Manual Fix
TXN1481,2025-06-15 10:54:12,PESALINK,USD,E005,Unauthorized access,Escalate
TXN1482,2025-06-30 04:28:13,SWIFT,USD,E002,Insufficient funds,Retry
TXN1483,2025-06-29 08:42:33,M-PESA,KES,E006,Daily limit exceeded,Manual Fix
TXN1484,2025-06-25 15:18:40,PESALINK,KES,E004,Invalid FX rate,Escalate
TXN1485,2025-07-06 07:17:11,RTGS,KES,E002,Insufficient funds,Retry
TXN1486,2025-07-13 14:09:42,RTGS,EUR,E006,Daily limit exceeded,Manual Fix
TXN1487,2025-07-14 21:14:33,SWIFT,USD,E005,Unauthorized access,Escalate
TXN1488,2025-07-01 01:52:41,M-PESA,EUR,E002,Insufficient funds,Retry
TXN1489,2025-07-08 00:10:51,SWIFT,KES,E001,Account does not exist,Manual Fix
TXN1490,2025-07-06 21:08:54,PESALINK,KES,E004,Invalid FX rate,Escalate
TXN1491,2025-07-06 21:35:02,PESALINK,KES,E005,Unauthorized access,Escalate
TXN1492,2025-06-25 19:24:38,M-PESA,EUR,E003,Timeout occurred,Retry
TXN1493,2025-07-10 05:59:29,RTGS,KES,E001,Account does not exist,Manual Fix
TXN1494,2025-07-08 09:43:56,RTGS,EUR,E001,Account does not exist,Manual Fix
TXN1495,2025-06-23 16:08:07,PESALINK,EUR,E006,Daily limit exceeded,Manual Fix
TXN1496,2025-06-19 13:13:28,RTGS,USD,E006,Daily limit exceeded,Manual Fix
TXN1497,2025-06-29 05:03:56,PESALINK,EUR,E002,Insufficient funds,Retry
TXN1498,2025-07-10 10:58:32,SWIFT,USD,E001,Account does not exist,Manual Fix
TXN1499,2025-07-01 16:57:11,M-PESA,USD,E003,Timeout occurred,Retry
TXN1500,2025-06-19 23:14:04,RTGS,KES,E003,Timeout occurred,Retry
TXN1501,2025-06-26 20:04:20,SWIFT,KES,E001,Account does not exist,Manual Fix
TXN1502,2025-06-30 12:05:43,PESALINK,USD,E006,Daily limit exceeded,Manual Fix
TXN1503,2025-06-26 08:09:21,PESALINK,EUR,E002,Insufficient funds,Retry
TXN1504,2025-06-25 02:26:01,M-PESA,EUR,E006,Daily limit exceeded,Manual Fix
TXN1505,2025-06-22 14:06:37,RTGS,USD,E005,Unauthorized access,Escalate
TXN1506,2025-06-16 14:53:17,SWIFT,KES,E004,Invalid FX rate,Escalate
TXN1507,2025-06-17 16:16:24,PESALINK,USD,E001,Account does not exist,Manual Fix
TXN1508,2025-06-27 07:41:34,PESALINK,EUR,E003,Timeout occurred,Retry
TXN1509,2025-07-08 12:00:16,PESALINK,KES,E004,Invalid FX rate,Escalate
TXN1510,2025-07-15 02:36:58,PESALINK,USD,E001,Account does not exist,Manual Fix
TXN1511,2025-06-18 23:16:53,M-PESA,EUR,E003,Timeout occurred,Retry
TXN1512,2025-07-07 13:01:43,RTGS,USD,E004,Invalid FX rate,Escalate
TXN1513,2025-07-05 13:17:21,SWIFT,USD,E004,Invalid FX rate,Escalate
TXN1514,2025-07-13 09:08:08,PESALINK,EUR,E004,Invalid FX rate,Escalate
TXN1515,2025-06-24 20:57:50,PESALINK,KES,E001,Account does not exist,Manual Fix
TXN1516,2025-07-04 01:47:52,RTGS,USD,E006,Daily limit exceeded,Manual Fix
TXN1517,2025-07-09 10:25:18,M-PESA,USD,E003,Timeout occurred,Retry
TXN1518,2025-07-04 20:03:35,SWIFT,EUR,E005,Unauthorized access,Escalate
TXN1519,2025-06-27 06:41:34,M-PESA,KES,E005,Unauthorized access,Escalate
TXN1520,2025-06-22 14:21:49,M-PESA,USD,E003,Timeout occurred,Retry
TXN1521,2025-06-15 16:53:26,M-PESA,KES,E001,Account does not exist,Manual Fix
TXN1522,2025-06-20 14:36:49,M-PESA,EUR,E002,Insufficient funds,Retry
TXN1523,2025-07-06 01:45:42,SWIFT,USD,E002,Insufficient funds,Retry
TXN1524,2025-06-26 01:23:56,PESALINK,KES,E006,Daily limit exceeded,Manual Fix
TXN1525,2025-06-23 23:21:12,PESALINK,EUR,E005,Unauthorized access,Escalate
TXN1526,2025-07-10 13:53:42,RTGS,EUR,E005,Unauthorized access,Escalate
TXN1527,2025-07-07 23:40:13,M-PESA,KES,E003,Timeout occurred,Retry
TXN1528,2025-06-17 20:56:21,PESALINK,KES,E001,Account does not exist,Manual Fix
TXN1529,2025-07-12 11:51:19,RTGS,KES,E006,Daily limit exceeded,Manual Fix
TXN1530,2025-06-27 12:46:03,SWIFT,KES,E005,Unauthorized access,Escalate
TXN1531,2025-06-21 07:49:24,SWIFT,KES,E005,Unauthorized access,Escalate
TXN1532,2025-07-07 14:14:49,PESALINK,USD,E004,Invalid FX rate,Escalate
TXN1533,2025-06-21 21:46:54,RTGS,KES,E001,Account does not exist,Manual Fix
TXN1534,2025-07-07 23:46:44,SWIFT,EUR,E001,Account does not exist,Manual Fix
TXN1535,2025-07-11 05:14:38,PESALINK,KES,E005,Unauthorized access,Escalate
TXN1536,2025-07-12 13:37:32,SWIFT,KES,E005,Unauthorized access,Escalate
TXN1537,2025-07-14 08:10:58,M-PESA,KES,E005,Unauthorized access,Escalate
TXN1538,2025-06-30 20:06:34,PESALINK,EUR,E005,Unauthorized access,Escalate
TXN1539,2025-07-06 22:03:57,SWIFT,KES,E002,Insufficient funds,Retry
TXN1540,2025-07-15 04:13:20,RTGS,EUR,E001,Account does not exist,Manual Fix
TXN1541,2025-07-09 22:32:23,M-PESA,USD,E001,Account does not exist,Manual Fix
TXN1542,2025-07-06 03:37:10,PESALINK,KES,E002,Insufficient funds,Retry
TXN1543,2025-07-12 00:44:51,M-PESA,KES,E005,Unauthorized access,Escalate
TXN1544,2025-07-07 01:57:27,RTGS,KES,E003,Timeout occurred,Retry
TXN1545,2025-06-23 03:51:46,RTGS,EUR,E004,Invalid FX rate,Escalate
TXN1546,2025-07-08 11:27:58,SWIFT,EUR,E005,Unauthorized access,Escalate
TXN1547,2025-07-07 06:47:59,RTGS,USD,E006,Daily limit exceeded,Manual Fix
TXN1548,2025-06-28 00:24:38,SWIFT,EUR,E003,Timeout occurred,Retry
TXN1549,2025-06-27 10:29:08,PESALINK,KES,E006,Daily limit exceeded,Manual Fix
TXN1550,2025-06-28 21:31:18,M-PESA,KES,E003,Timeout occurred,Retry
TXN1551,2025-07-10 17:47:19,M-PESA,KES,E001,Account does not exist,Manual Fix
TXN1552,2025-07-08 23:01:37,PESALINK,USD,E003,Timeout occurred,Retry
TXN1553,2025-06-27 01:10:19,SWIFT,KES,E005,Unauthorized access,Escalate
TXN1554,2025-06-28 18:21:35,PESALINK,EUR,E005,Unauthorized access,Escalate
TXN1555,2025-07-06 18:55:09,M-PESA,EUR,E003,Timeout occurred,Retry
TXN1556,2025-06-19 04:42:18,SWIFT,EUR,E006,Daily limit exceeded,Manual Fix
TXN1557,2025-06-29 07:19:40,PESALINK,EUR,E006,Daily limit exceeded,Manual Fix
TXN1558,2025-06-26 19:38:07,SWIFT,KES,E003,Timeout occurred,Retry
TXN1559,2025-06-28 15:00:05,M-PESA,USD,E003,Timeout occurred,Retry
TXN1560,2025-07-01 17:43:16,PESALINK,USD,E003,Timeout occurred,Retry
TXN1561,2025-06-30 22:55:09,M-PESA,USD,E002,Insufficient funds,Retry
TXN1562,2025-07-11 15:45:12,RTGS,USD,E001,Account does not exist,Manual Fix
TXN1563,2025-06-19 08:18:37,SWIFT,EUR,E005,Unauthorized access,Escalate
TXN1564,2025-06-22 03:38:52,M-PESA,EUR,E003,Timeout occurred,Retry
TXN1565,2025-06-22 18:09:39,M-PESA,USD,E004,Invalid FX rate,Escalate
TXN1566,2025-06-26 15:52:10,M-PESA,EUR,E002,Insufficient funds,Retry
TXN1567,2025-07-04 00:41:56,SWIFT,KES,E004,Invalid FX rate,Escalate
TXN1568,2025-06-22 20:27:41,M-PESA,KES,E003,Timeout occurred,Retry
TXN1569,2025-06-25 19:42:13,RTGS,EUR,E005,Unauthorized access,Escalate
TXN1570,2025-06-18 13:15:45,M-PESA,EUR,E004,Invalid FX rate,Escalate
TXN1571,2025-07-05 13:47:12,RTGS,KES,E002,Insufficient funds,Retry
TXN1572,2025-07-05 05:19:05,RTGS,EUR,E002,Insufficient funds,Retry
TXN1573,2025-07-01 11:56:07,PESALINK,KES,E005,Unauthorized access,Escalate
TXN1574,2025-07-11 18:37:06,PESALINK,EUR,E003,Timeout occurred,Retry
TXN1575,2025-07-08 01:16:18,PESALINK,USD,E005,Unauthorized access,Escalate
TXN1576,2025-07-05 14:50:33,M-PESA,KES,E002,Insufficient funds,Retry
TXN1577,2025-06-18 10:58:31,PESALINK,KES,E001,Account does not exist,Manual Fix
TXN1578,2025-06-25 11:24:36,SWIFT,EUR,E005,Unauthorized access,Escalate
TXN1579,2025-07-05 19:55:59,SWIFT,KES,E005,Unauthorized access,Escalate
TXN1580,2025-07-04 08:12:14,M-PESA,KES,E001,Account does not exist,Manual Fix
TXN1581,2025-07-13 18:55:56,M-PESA,KES,E004,Invalid FX rate,Escalate
TXN1582,2025-06-16 09:11:12,M-PESA,KES,E001,Account does not exist,Manual Fix
TXN1583,2025-07-13 09:09:30,SWIFT,KES,E003,Timeout occurred,Retry
TXN1584,2025-07-03 21:36:23,PESALINK,EUR,E001,Account does not exist,Manual Fix
TXN1585,2025-07-08 14:09:08,M-PESA,KES,E003,Timeout occurred,Retry
TXN1586,2025-06-15 17:17:59,RTGS,USD,E001,Account does not exist,Manual Fix
TXN1587,2025-07-02 12:15:33,RTGS,USD,E001,Account does not exist,Manual Fix
TXN1588,2025-06-29 22:20:22,RTGS,USD,E006,Daily limit exceeded,Manual Fix
TXN1589,2025-07-04 08:47:52,SWIFT,KES,E002,Insufficient funds,Retry
TXN1590,2025-07-05 18:37:32,M-PESA,EUR,E004,Invalid FX rate,Escalate
TXN1591,2025-07-11 13:30:10,PESALINK,EUR,E004,Invalid FX rate,Escalate
TXN1592,2025-07-11 22:43:14,SWIFT,USD,E001,Account does not exist,Manual Fix
TXN1593,2025-07-14 17:16:14,M-PESA,USD,E003,Timeout occurred,Retry
TXN1594,2025-06-26 03:22:36,PESALINK,USD,E005,Unauthorized access,Escalate
TXN1595,2025-07-09 03:15:32,M-PESA,KES,E003,Timeout occurred,Retry
TXN1596,2025-06-26 02:04:31,SWIFT,USD,E001,Account does not exist,Manual Fix
TXN1597,2025-06-28 16:25:23,PESALINK,USD,E004,Invalid FX rate,Escalate
TXN1598,2025-07-06 14:12:58,PESALINK,EUR,E001,Account does not exist,Manual Fix
TXN1599,2025-07-09 00:14:40,SWIFT,EUR,E005,Unauthorized access,Escalate
TXN1600,2025-06-16 20:14:48,M-PESA,EUR,E005,Unauthorized access,Escalate
TXN1601,2025-07-04 07:28:55,RTGS,KES,E002,Insufficient funds,Retry
TXN1602,2025-07-01 18:02:59,RTGS,USD,E001,Account does not exist,Manual Fix
TXN1603,2025-07-05 01:29:37,PESALINK,USD,E005,Unauthorized access,Escalate
TXN1604,2025-06-23 10:43:17,SWIFT,EUR,E006,Daily limit exceeded,Manual Fix
TXN1605,2025-07-08 02:58:46,SWIFT,EUR,E003,Timeout occurred,Retry
TXN1606,2025-06-21 15:07:39,SWIFT,KES,E005,Unauthorized access,Escalate
TXN1607,2025-07-11 08:43:46,SWIFT,EUR,E004,Invalid FX rate,Escalate
TXN1608,2025-06-16 17:50:55,RTGS,KES,E004,Invalid FX rate,Escalate
TXN1609,2025-07-04 13:29:50,SWIFT,KES,E006,Daily limit exceeded,Manual Fix
TXN1610,2025-07-14 04:02:08,RTGS,USD,E001,Account does not exist,Manual Fix
TXN1611,2025-07-12 19:59:41,SWIFT,EUR,E006,Daily limit exceeded,Manual Fix
TXN1612,2025-06-16 18:00:24,RTGS,USD,E006,Daily limit exceeded,Manual Fix
TXN1613,2025-06-19 12:14:11,RTGS,EUR,E001,Account does not exist,Manual Fix
TXN1614,2025-07-06 05:48:02,M-PESA,EUR,E003,Timeout occurred,Retry
TXN1615,2025-06-22 00:31:54,PESALINK,EUR,E004,Invalid FX rate,Escalate
TXN1616,2025-07-07 20:20:53,M-PESA,USD,E002,Insufficient funds,Retry
TXN1617,2025-06-24 06:09:36,PESALINK,USD,E006,Daily limit exceeded,Manual Fix
TXN1618,2025-06-17 21:00:59,M-PESA,USD,E003,Timeout occurred,Retry
TXN1619,2025-06-28 01:32:04,SWIFT,KES,E002,Insufficient funds,Retry
TXN1620,2025-07-03 20:07:06,PESALINK,EUR,E003,Timeout occurred,Retry
TXN1621,2025-07-01 07:49:26,RTGS,USD,E004,Invalid FX rate,Escalate
TXN1622,2025-06-25 17:01:57,M-PESA,KES,E006,Daily limit exceeded,Manual Fix
TXN1623,2025-07-07 12:11:37,SWIFT,EUR,E003,Timeout occurred,Retry
TXN1624,2025-07-01 07:14:00,RTGS,USD,E003,Timeout occurred,Retry
TXN1625,2025-07-01 19:38:49,PESALINK,KES,E003,Timeout occurred,Retry
TXN1626,2025-07-03 20:08:40,PESALINK,KES,E006,Daily limit exceeded,Manual Fix
TXN1627,2025-06-28 22:37:22,M-PESA,KES,E003,Timeout occurred,Retry
TXN1628,2025-07-05 21:35:21,PESALINK,KES,E006,Daily limit exceeded,Manual Fix
TXN1629,2025-06-27 16:20:53,RTGS,USD,E005,Unauthorized access,Escalate
TXN1630,2025-06-19 09:51:29,PESALINK,USD,E006,Daily limit exceeded,Manual Fix
TXN1631,2025-07-08 06:22:39,M-PESA,EUR,E004,Invalid FX rate,Escalate
TXN1632,2025-06-16 09:00:49,RTGS,USD,E003,Timeout occurred,Retry
TXN1633,2025-07-11 14:53:57,RTGS,EUR,E001,Account does not exist,Manual Fix
TXN1634,2025-06-17 23:06:52,RTGS,KES,E003,Timeout occurred,Retry
TXN1635,2025-07-02 10:09:50,PESALINK,USD,E005,Unauthorized access,Escalate
TXN1636,2025-06-26 07:40:05,PESALINK,KES,E006,Daily limit exceeded,Manual Fix
TXN1637,2025-06-18 18:22:36,SWIFT,EUR,E004,Invalid FX rate,Escalate
TXN1638,2025-06-17 09:20:04,PESALINK,KES,E003,Timeout occurred,Retry
TXN1639,2025-06-16 22:34:59,SWIFT,USD,E006,Daily limit exceeded,Manual Fix
TXN1640,2025-06-27 10:32:11,PESALINK,KES,E006,Daily limit exceeded,Manual Fix
TXN1641,2025-06-25 02:42:09,M-PESA,USD,E005,Unauthorized access,Escalate
TXN1642,2025-06-16 10:10:29,PESALINK,USD,E002,Insufficient funds,Retry
TXN1643,2025-06-22 19:58:07,SWIFT,USD,E002,Insufficient funds,Retry
TXN1644,2025-06-27 00:21:20,RTGS,KES,E006,Daily limit exceeded,Manual Fix
TXN1645,2025-06-21 13:29:19,SWIFT,EUR,E004,Invalid FX rate,Escalate
TXN1646,2025-07-08 10:10:09,PESALINK,KES,E002,Insufficient funds,Retry
TXN1647,2025-06-20 23:42:14,PESALINK,USD,E003,Timeout occurred,Retry
TXN1648,2025-07-12 19:30:09,M-PESA,EUR,E005,Unauthorized access,Escalate
TXN1649,2025-06-26 00:22:39,PESALINK,KES,E003,Timeout occurred,Retry
TXN1650,2025-07-08 00:14:03,RTGS,USD,E006,Daily limit exceeded,Manual Fix
TXN1651,2025-06-27 20:58:33,SWIFT,EUR,E001,Account does not exist,Manual Fix
TXN1652,2025-07-03 08:13:28,PESALINK,EUR,E002,Insufficient funds,Retry
TXN1653,2025-06-23 13:55:08,SWIFT,KES,E004,Invalid FX rate,Escalate
TXN1654,2025-07-14 20:20:48,PESALINK,USD,E003,Timeout occurred,Retry
TXN1655,2025-07-14 21:55:30,RTGS,EUR,E005,Unauthorized access,Escalate
TXN1656,2025-06-20 23:52:15,M-PESA,USD,E004,Invalid FX rate,Escalate
TXN1657,2025-06-23 09:13:53,SWIFT,KES,E002,Insufficient funds,Retry
TXN1658,2025-06-30 12:49:01,PESALINK,USD,E002,Insufficient funds,Retry
TXN1659,2025-06-20 16:22:29,RTGS,EUR,E006,Daily limit exceeded,Manual Fix
TXN1660,2025-07-13 12:38:49,SWIFT,EUR,E003,Timeout occurred,Retry
TXN1661,2025-06-16 16:20:53,RTGS,KES,E005,Unauthorized access,Escalate
TXN1662,2025-06-30 13:53:13,M-PESA,KES,E002,Insufficient funds,Retry
TXN1663,2025-07-13 09:16:56,M-PESA,USD,E005,Unauthorized access,Escalate
TXN1664,2025-07-03 15:41:41,M-PESA,USD,E002,Insufficient funds,Retry
TXN1665,2025-07-04 16:33:59,SWIFT,KES,E004,Invalid FX rate,Escalate
TXN1666,2025-06-25 01:30:05,RTGS,KES,E005,Unauthorized access,Escalate
TXN1667,2025-06-19 02:58:22,M-PESA,EUR,E005,Unauthorized access,Escalate
TXN1668,2025-07-14 04:16:28,SWIFT,KES,E001,Account does not exist,Manual Fix
TXN1669,2025-06-27 05:22:14,PESALINK,EUR,E004,Invalid FX rate,Escalate
TXN1670,2025-06-20 09:09:15,PESALINK,EUR,E004,Invalid FX rate,Escalate
TXN1671,2025-06-30 01:47:59,M-PESA,KES,E001,Account does not exist,Manual Fix
TXN1672,2025-07-14 13:57:38,SWIFT,KES,E006,Daily limit exceeded,Manual Fix
TXN1673,2025-06-21 07:28:11,RTGS,USD,E004,Invalid FX rate,Escalate
TXN1674,2025-07-12 21:47:23,M-PESA,USD,E005,Unauthorized access,Escalate
TXN1675,2025-06-17 10:16:46,SWIFT,USD,E004,Invalid FX rate,Escalate
TXN1676,2025-07-02 06:57:08,M-PESA,KES,E005,Unauthorized access,Escalate
TXN1677,2025-07-11 07:07:25,M-PESA,KES,E002,Insufficient funds,Retry
TXN1678,2025-07-06 05:31:37,M-PESA,KES,E006,Daily limit exceeded,Manual Fix
TXN1679,2025-07-03 10:10:36,RTGS,USD,E005,Unauthorized access,Escalate
TXN1680,2025-06-18 18:46:15,M-PESA,EUR,E003,Timeout occurred,Retry
TXN1681,2025-07-09 23:55:03,RTGS,USD,E005,Unauthorized access,Escalate
TXN1682,2025-07-01 23:59:37,RTGS,EUR,E006,Daily limit exceeded,Manual Fix
TXN1683,2025-06-16 01:10:16,SWIFT,EUR,E005,Unauthorized access,Escalate
TXN1684,2025-07-05 19:50:04,M-PESA,EUR,E006,Daily limit exceeded,Manual Fix
TXN1685,2025-07-09 05:33:24,M-PESA,USD,E005,Unauthorized access,Escalate
TXN1686,2025-06-20 13:23:32,RTGS,EUR,E006,Daily limit exceeded,Manual Fix
TXN1687,2025-07-06 11:31:18,SWIFT,USD,E001,Account does not exist,Manual Fix
TXN1688,2025-07-03 00:24:36,RTGS,EUR,E001,Account does not exist,Manual Fix
TXN1689,2025-07-07 18:03:56,PESALINK,EUR,E002,Insufficient funds,Retry
TXN1690,2025-06-22 20:40:41,SWIFT,KES,E006,Daily limit exceeded,Manual Fix
TXN1691,2025-07-06 13:48:35,RTGS,EUR,E006,Daily limit exceeded,Manual Fix
TXN1692,2025-06-23 23:38:41,PESALINK,USD,E003,Timeout occurred,Retry
TXN1693,2025-07-10 18:18:34,PESALINK,KES,E006,Daily limit exceeded,Manual Fix
TXN1694,2025-06-28 13:05:57,SWIFT,EUR,E004,Invalid FX rate,Escalate
TXN1695,2025-07-15 08:01:13,M-PESA,KES,E001,Account does not exist,Manual Fix
TXN1696,2025-07-11 13:26:50,PESALINK,KES,E004,Invalid FX rate,Escalate
TXN1697,2025-07-08 21:44:45,RTGS,EUR,E002,Insufficient funds,Retry
TXN1698,2025-07-08 00:02:51,RTGS,EUR,E002,Insufficient funds,Retry
TXN1699,2025-07-06 13:54:41,RTGS,KES,E003,Timeout occurred,Retry
TXN1700,2025-07-14 04:42:48,RTGS,EUR,E002,Insufficient funds,Retry
TXN1701,2025-06-28 11:08:02,SWIFT,KES,E005,Unauthorized access,Escalate
TXN1702,2025-07-01 01:56:33,PESALINK,USD,E002,Insufficient funds,Retry
TXN1703,2025-06-27 08:27:11,PESALINK,USD,E003,Timeout occurred,Retry
TXN1704,2025-06-19 15:24:00,SWIFT,USD,E002,Insufficient funds,Retry
TXN1705,2025-06-28 23:24:19,PESALINK,EUR,E003,Timeout occurred,Retry
TXN1706,2025-07-07 07:39:10,M-PESA,USD,E004,Invalid FX rate,Escalate
TXN1707,2025-06-27 06:33:07,RTGS,USD,E003,Timeout occurred,Retry
TXN1708,2025-07-07 23:51:18,PESALINK,EUR,E002,Insufficient funds,Retry
TXN1709,2025-07-13 02:21:12,PESALINK,KES,E004,Invalid FX rate,Escalate
TXN1710,2025-07-15 01:31:06,SWIFT,USD,E004,Invalid FX rate,Escalate
TXN1711,2025-07-03 19:59:06,PESALINK,USD,E004,Invalid FX rate,Escalate
TXN1712,2025-07-01 18:21:39,RTGS,USD,E002,Insufficient funds,Retry
TXN1713,2025-06-16 19:52:06,RTGS,KES,E001,Account does not exist,Manual Fix
TXN1714,2025-07-09 10:20:21,PESALINK,KES,E005,Unauthorized access,Escalate
TXN1715,2025-07-01 05:05:58,SWIFT,USD,E005,Unauthorized access,Escalate
TXN1716,2025-06-24 06:17:21,M-PESA,KES,E004,Invalid FX rate,Escalate
TXN1717,2025-07-09 02:28:02,RTGS,KES,E006,Daily limit exceeded,Manual Fix
TXN1718,2025-06-25 17:34:05,SWIFT,KES,E003,Timeout occurred,Retry
TXN1719,2025-07-02 15:49:53,M-PESA,KES,E001,Account does not exist,Manual Fix
TXN1720,2025-06-27 23:25:58,RTGS,USD,E005,Unauthorized access,Escalate
TXN1721,2025-07-01 22:57:14,PESALINK,EUR,E004,Invalid FX rate,Escalate
TXN1722,2025-06-29 00:15:22,SWIFT,USD,E003,Timeout occurred,Retry
TXN1723,2025-07-14 09:00:05,PESALINK,KES,E001,Account does not exist,Manual Fix
TXN1724,2025-06-28 20:18:24,RTGS,USD,E003,Timeout occurred,Retry
TXN1725,2025-07-12 09:58:26,PESALINK,EUR,E002,Insufficient funds,Retry
TXN1726,2025-06-15 22:15:26,SWIFT,USD,E001,Account does not exist,Manual Fix
TXN1727,2025-07-10 12:20:41,RTGS,KES,E002,Insufficient funds,Retry
TXN1728,2025-06-24 17:01:38,PESALINK,USD,E005,Unauthorized access,Escalate
TXN1729,2025-06-19 14:10:36,M-PESA,KES,E005,Unauthorized access,Escalate
TXN1730,2025-06-27 03:37:50,RTGS,USD,E005,Unauthorized access,Escalate
TXN1731,2025-07-05 03:57:13,RTGS,EUR,E004,Invalid FX rate,Escalate
TXN1732,2025-07-09 03:39:54,PESALINK,EUR,E003,Timeout occurred,Retry
TXN1733,2025-07-12 09:15:27,RTGS,KES,E005,Unauthorized access,Escalate
TXN1734,2025-06-27 02:25:41,RTGS,KES,E001,Account does not exist,Manual Fix
TXN1735,2025-07-08 13:07:09,SWIFT,KES,E006,Daily limit exceeded,Manual Fix
TXN1736,2025-07-09 06:16:43,RTGS,EUR,E005,Unauthorized access,Escalate
TXN1737,2025-07-07 04:35:30,SWIFT,EUR,E006,Daily limit exceeded,Manual Fix
TXN1738,2025-06-16 06:31:13,RTGS,EUR,E004,Invalid FX rate,Escalate
TXN1739,2025-06-19 22:50:44,M-PESA,EUR,E005,Unauthorized access,Escalate
TXN1740,2025-06-29 17:14:23,PESALINK,USD,E001,Account does not exist,Manual Fix
TXN1741,2025-06-26 04:36:32,PESALINK,USD,E005,Unauthorized access,Escalate
TXN1742,2025-07-05 01:35:31,M-PESA,USD,E006,Daily limit exceeded,Manual Fix
TXN1743,2025-06-27 05:54:05,SWIFT,USD,E005,Unauthorized access,Escalate
TXN1744,2025-06-30 07:11:11,PESALINK,KES,E001,Account does not exist,Manual Fix
TXN1745,2025-07-13 15:59:30,M-PESA,KES,E004,Invalid FX rate,Escalate
TXN1746,2025-07-03 08:22:13,M-PESA,KES,E006,Daily limit exceeded,Manual Fix
TXN1747,2025-07-08 09:49:08,PESALINK,EUR,E005,Unauthorized access,Escalate
TXN1748,2025-07-12 07:16:23,SWIFT,EUR,E006,Daily limit exceeded,Manual Fix
TXN1749,2025-07-11 04:59:57,M-PESA,EUR,E002,Insufficient funds,Retry
TXN1750,2025-07-02 02:56:13,PESALINK,EUR,E003,Timeout occurred,Retry
TXN1751,2025-07-06 02:10:42,RTGS,USD,E004,Invalid FX rate,Escalate
TXN1752,2025-07-12 03:40:46,RTGS,EUR,E004,Invalid FX rate,Escalate
TXN1753,2025-07-01 11:49:49,RTGS,EUR,E003,Timeout occurred,Retry
TXN1754,2025-07-02 12:19:10,M-PESA,USD,E004,Invalid FX rate,Escalate
TXN1755,2025-07-07 11:04:55,RTGS,USD,E003,Timeout occurred,Retry
TXN1756,2025-06-28 14:04:15,RTGS,EUR,E003,Timeout occurred,Retry
TXN1757,2025-06-30 07:40:20,PESALINK,KES,E002,Insufficient funds,Retry
TXN1758,2025-06-27 15:20:13,RTGS,EUR,E004,Invalid FX rate,Escalate
TXN1759,2025-06-26 15:01:36,RTGS,KES,E006,Daily limit exceeded,Manual Fix
TXN1760,2025-06-21 07:00:17,PESALINK,KES,E001,Account does not exist,Manual Fix
TXN1761,2025-06-24 18:48:27,M-PESA,KES,E003,Timeout occurred,Retry
TXN1762,2025-06-30 18:04:14,RTGS,EUR,E001,Account does not exist,Manual Fix
TXN1763,2025-06-21 05:43:18,RTGS,KES,E001,Account does not exist,Manual Fix
TXN1764,2025-07-11 10:45:26,RTGS,EUR,E006,Daily limit exceeded,Manual Fix
TXN1765,2025-06-24 10:08:44,M-PESA,USD,E004,Invalid FX rate,Escalate
TXN1766,2025-06-24 17:35:31,RTGS,EUR,E005,Unauthorized access,Escalate
TXN1767,2025-06-25 22:32:12,RTGS,USD,E006,Daily limit exceeded,Manual Fix
TXN1768,2025-07-08 22:33:46,M-PESA,USD,E001,Account does not exist,Manual Fix
TXN1769,2025-06-28 20:34:33,M-PESA,EUR,E001,Account does not exist,Manual Fix
TXN1770,2025-07-14 01:20:56,SWIFT,USD,E002,Insufficient funds,Retry
TXN1771,2025-07-10 21:40:36,RTGS,EUR,E004,Invalid FX rate,Escalate
TXN1772,2025-07-14 09:44:31,SWIFT,EUR,E004,Invalid FX rate,Escalate
TXN1773,2025-06-29 04:08:52,SWIFT,EUR,E002,Insufficient funds,Retry
TXN1774,2025-06-20 07:33:07,PESALINK,EUR,E002,Insufficient funds,Retry
TXN1775,2025-06-24 20:35:38,PESALINK,EUR,E004,Invalid FX rate,Escalate
TXN1776,2025-06-29 19:34:57,RTGS,KES,E002,Insufficient funds,Retry
TXN1777,2025-06-26 11:28:03,SWIFT,USD,E003,Timeout occurred,Retry
TXN1778,2025-07-02 22:53:14,M-PESA,EUR,E006,Daily limit exceeded,Manual Fix
TXN1779,2025-06-24 03:29:42,SWIFT,USD,E006,Daily limit exceeded,Manual Fix
TXN1780,2025-06-30 02:35:52,M-PESA,USD,E004,Invalid FX rate,Escalate
TXN1781,2025-06-16 02:54:52,PESALINK,USD,E004,Invalid FX rate,Escalate
TXN1782,2025-07-11 08:44:34,RTGS,USD,E006,Daily limit exceeded,Manual Fix
TXN1783,2025-06-21 13:54:37,RTGS,EUR,E001,Account does not exist,Manual Fix
TXN1784,2025-06-28 18:01:35,SWIFT,KES,E005,Unauthorized access,Escalate
TXN1785,2025-06-17 15:27:36,PESALINK,EUR,E003,Timeout occurred,Retry
TXN1786,2025-06-18 01:57:28,PESALINK,USD,E005,Unauthorized access,Escalate
TXN1787,2025-07-12 07:08:25,PESALINK,KES,E005,Unauthorized access,Escalate
TXN1788,2025-06-29 14:47:39,SWIFT,KES,E002,Insufficient funds,Retry
TXN1789,2025-06-21 13:33:24,PESALINK,EUR,E002,Insufficient funds,Retry
TXN1790,2025-07-09 06:20:44,M-PESA,USD,E003,Timeout occurred,Retry
TXN1791,2025-06-20 09:57:13,RTGS,KES,E006,Daily limit exceeded,Manual Fix
TXN1792,2025-06-16 00:43:14,M-PESA,USD,E005,Unauthorized access,Escalate
TXN1793,2025-07-13 07:15:49,PESALINK,KES,E005,Unauthorized access,Escalate
TXN1794,2025-06-29 05:42:35,RTGS,USD,E005,Unauthorized access,Escalate
TXN1795,2025-07-08 05:19:03,SWIFT,USD,E004,Invalid FX rate,Escalate
TXN1796,2025-07-08 16:10:22,PESALINK,KES,E002,Insufficient funds,Retry
TXN1797,2025-07-06 19:36:50,SWIFT,KES,E002,Insufficient funds,Retry
TXN1798,2025-07-01 23:22:54,M-PESA,KES,E004,Invalid FX rate,Escalate
TXN1799,2025-06-24 09:13:47,RTGS,KES,E003,Timeout occurred,Retry
TXN1800,2025-06-17 22:17:19,SWIFT,KES,E005,Unauthorized access,Escalate
TXN1801,2025-06-27 16:35:21,RTGS,EUR,E006,Daily limit exceeded,Manual Fix
TXN1802,2025-07-08 15:01:31,SWIFT,EUR,E002,Insufficient funds,Retry
TXN1803,2025-06-20 23:21:06,PESALINK,KES,E001,Account does not exist,Manual Fix
TXN1804,2025-06-18 14:33:40,PESALINK,EUR,E002,Insufficient funds,Retry
TXN1805,2025-07-04 21:17:18,RTGS,EUR,E005,Unauthorized access,Escalate
TXN1806,2025-07-09 07:21:24,RTGS,KES,E001,Account does not exist,Manual Fix
TXN1807,2025-06-19 00:44:33,M-PESA,USD,E005,Unauthorized access,Escalate
TXN1808,2025-07-13 10:42:32,PESALINK,USD,E002,Insufficient funds,Retry
TXN1809,2025-06-18 00:53:22,RTGS,KES,E004,Invalid FX rate,Escalate
TXN1810,2025-06-22 19:12:19,PESALINK,EUR,E006,Daily limit exceeded,Manual Fix
TXN1811,2025-06-22 16:15:30,M-PESA,USD,E006,Daily limit exceeded,Manual Fix
TXN1812,2025-07-12 18:11:10,SWIFT,EUR,E006,Daily limit exceeded,Manual Fix
TXN1813,2025-06-30 04:25:28,RTGS,USD,E004,Invalid FX rate,Escalate
TXN1814,2025-06-19 13:40:24,SWIFT,USD,E005,Unauthorized access,Escalate
TXN1815,2025-06-27 11:35:38,M-PESA,EUR,E005,Unauthorized access,Escalate
TXN1816,2025-06-21 04:26:11,M-PESA,USD,E005,Unauthorized access,Escalate
TXN1817,2025-07-12 12:37:57,PESALINK,USD,E003,Timeout occurred,Retry
TXN1818,2025-07-05 15:18:30,M-PESA,EUR,E006,Daily limit exceeded,Manual Fix
TXN1819,2025-07-14 20:50:30,PESALINK,USD,E005,Unauthorized access,Escalate
TXN1820,2025-07-14 08:58:07,PESALINK,USD,E005,Unauthorized access,Escalate
TXN1821,2025-06-26 09:22:30,M-PESA,EUR,E004,Invalid FX rate,Escalate
TXN1822,2025-07-10 19:16:18,PESALINK,EUR,E004,Invalid FX rate,Escalate
TXN1823,2025-07-03 21:36:11,PESALINK,EUR,E001,Account does not exist,Manual Fix
TXN1824,2025-07-07 07:19:04,SWIFT,KES,E003,Timeout occurred,Retry
TXN1825,2025-07-06 22:14:16,SWIFT,EUR,E003,Timeout occurred,Retry
TXN1826,2025-06-29 20:52:19,SWIFT,USD,E002,Insufficient funds,Retry
TXN1827,2025-07-14 00:06:43,RTGS,EUR,E004,Invalid FX rate,Escalate
TXN1828,2025-07-06 06:03:12,SWIFT,USD,E001,Account does not exist,Manual Fix
TXN1829,2025-06-30 06:13:27,SWIFT,KES,E004,Invalid FX rate,Escalate
TXN1830,2025-07-13 00:55:54,M-PESA,USD,E004,Invalid FX rate,Escalate
TXN1831,2025-06-18 08:36:14,PESALINK,KES,E006,Daily limit exceeded,Manual Fix
TXN1832,2025-07-15 00:42:07,PESALINK,KES,E004,Invalid FX rate,Escalate
TXN1833,2025-06-20 06:02:45,SWIFT,EUR,E004,Invalid FX rate,Escalate
TXN1834,2025-06-25 12:31:15,M-PESA,EUR,E006,Daily limit exceeded,Manual Fix
TXN1835,2025-06-25 16:17:33,SWIFT,USD,E003,Timeout occurred,Retry
TXN1836,2025-06-28 06:45:56,PESALINK,EUR,E005,Unauthorized access,Escalate
TXN1837,2025-06-19 09:01:14,M-PESA,USD,E002,Insufficient funds,Retry
TXN1838,2025-06-23 01:24:55,RTGS,KES,E001,Account does not exist,Manual Fix
TXN1839,2025-06-27 01:53:37,PESALINK,EUR,E006,Daily limit exceeded,Manual Fix
TXN1840,2025-06-23 20:56:16,M-PESA,USD,E004,Invalid FX rate,Escalate
TXN1841,2025-07-12 05:32:53,RTGS,USD,E004,Invalid FX rate,Escalate
TXN1842,2025-06-19 01:53:14,M-PESA,EUR,E003,Timeout occurred,Retry
TXN1843,2025-06-23 00:48:15,SWIFT,EUR,E001,Account does not exist,Manual Fix
TXN1844,2025-06-15 13:32:52,SWIFT,USD,E004,Invalid FX rate,Escalate
TXN1845,2025-07-05 06:23:16,SWIFT,USD,E002,Insufficient funds,Retry
TXN1846,2025-07-07 07:18:19,SWIFT,KES,E005,Unauthorized access,Escalate
TXN1847,2025-07-14 06:16:14,SWIFT,USD,E005,Unauthorized access,Escalate
TXN1848,2025-07-08 05:55:05,SWIFT,KES,E006,Daily limit exceeded,Manual Fix
TXN1849,2025-06-29 13:46:20,M-PESA,EUR,E004,Invalid FX rate,Escalate
TXN1850,2025-06-17 00:27:31,SWIFT,USD,E002,Insufficient funds,Retry
TXN1851,2025-06-26 16:07:11,RTGS,USD,E005,Unauthorized access,Escalate
TXN1852,2025-06-29 10:05:49,RTGS,EUR,E006,Daily limit exceeded,Manual Fix
TXN1853,2025-06-29 03:49:16,RTGS,USD,E005,Unauthorized access,Escalate
TXN1854,2025-07-07 11:24:55,M-PESA,EUR,E003,Timeout occurred,Retry
TXN1855,2025-06-18 21:21:39,M-PESA,KES,E005,Unauthorized access,Escalate
TXN1856,2025-06-26 18:23:20,RTGS,USD,E003,Timeout occurred,Retry
TXN1857,2025-06-28 06:39:32,M-PESA,EUR,E005,Unauthorized access,Escalate
TXN1858,2025-07-14 01:35:06,PESALINK,EUR,E006,Daily limit exceeded,Manual Fix
TXN1859,2025-06-25 00:54:23,SWIFT,KES,E004,Invalid FX rate,Escalate
TXN1860,2025-07-06 01:45:12,PESALINK,EUR,E006,Daily limit exceeded,Manual Fix
TXN1861,2025-06-21 00:09:16,PESALINK,KES,E003,Timeout occurred,Retry
TXN1862,2025-07-11 20:53:30,RTGS,KES,E002,Insufficient funds,Retry
TXN1863,2025-06-26 08:21:09,PESALINK,USD,E002,Insufficient funds,Retry
TXN1864,2025-06-22 16:00:56,RTGS,EUR,E002,Insufficient funds,Retry
TXN1865,2025-06-28 07:54:53,PESALINK,USD,E002,Insufficient funds,Retry
TXN1866,2025-06-22 08:08:52,PESALINK,KES,E005,Unauthorized access,Escalate
TXN1867,2025-06-18 21:37:44,M-PESA,KES,E005,Unauthorized access,Escalate
TXN1868,2025-06-18 07:54:50,RTGS,USD,E002,Insufficient funds,Retry
TXN1869,2025-06-23 11:44:40,SWIFT,KES,E003,Timeout occurred,Retry
TXN1870,2025-06-30 08:49:27,SWIFT,EUR,E003,Timeout occurred,Retry
TXN1871,2025-07-14 07:42:25,M-PESA,USD,E006,Daily limit exceeded,Manual Fix
TXN1872,2025-07-13 01:36:17,PESALINK,EUR,E003,Timeout occurred,Retry
TXN1873,2025-06-29 10:41:10,SWIFT,USD,E005,Unauthorized access,Escalate
TXN1874,2025-07-06 18:04:53,M-PESA,KES,E002,Insufficient funds,Retry
TXN1875,2025-06-21 11:18:47,RTGS,KES,E002,Insufficient funds,Retry
TXN1876,2025-07-08 04:30:11,M-PESA,USD,E001,Account does not exist,Manual Fix
TXN1877,2025-06-30 04:43:20,SWIFT,EUR,E006,Daily limit exceeded,Manual Fix
TXN1878,2025-07-04 23:23:13,M-PESA,EUR,E004,Invalid FX rate,Escalate
TXN1879,2025-06-28 15:37:13,M-PESA,KES,E005,Unauthorized access,Escalate
TXN1880,2025-07-09 17:31:22,RTGS,KES,E002,Insufficient funds,Retry
TXN1881,2025-07-11 15:33:16,PESALINK,EUR,E004,Invalid FX rate,Escalate
TXN1882,2025-07-09 09:44:37,RTGS,KES,E006,Daily limit exceeded,Manual Fix
TXN1883,2025-07-06 16:27:23,RTGS,EUR,E003,Timeout occurred,Retry
TXN1884,2025-06-19 08:09:07,PESALINK,USD,E004,Invalid FX rate,Escalate
TXN1885,2025-07-14 11:11:37,PESALINK,KES,E006,Daily limit exceeded,Manual Fix
TXN1886,2025-06-17 08:52:18,RTGS,KES,E002,Insufficient funds,Retry
TXN1887,2025-07-06 09:46:49,SWIFT,EUR,E004,Invalid FX rate,Escalate
TXN1888,2025-07-01 01:57:44,M-PESA,USD,E002,Insufficient funds,Retry
TXN1889,2025-07-14 17:48:28,PESALINK,KES,E003,Timeout occurred,Retry
TXN1890,2025-06-27 14:07:49,M-PESA,KES,E002,Insufficient funds,Retry
TXN1891,2025-06-16 16:33:55,PESALINK,EUR,E002,Insufficient funds,Retry
TXN1892,2025-06-19 20:50:02,PESALINK,EUR,E002,Insufficient funds,Retry
TXN1893,2025-06-26 13:08:48,RTGS,KES,E006,Daily limit exceeded,Manual Fix
TXN1894,2025-07-13 08:35:09,PESALINK,KES,E004,Invalid FX rate,Escalate
TXN1895,2025-07-13 22:28:42,RTGS,USD,E002,Insufficient funds,Retry
TXN1896,2025-06-16 10:36:02,PESALINK,USD,E002,Insufficient funds,Retry
TXN1897,2025-06-28 12:26:01,SWIFT,EUR,E005,Unauthorized access,Escalate
TXN1898,2025-07-13 09:48:25,SWIFT,EUR,E001,Account does not exist,Manual Fix
TXN1899,2025-06-17 09:18:13,SWIFT,KES,E001,Account does not exist,Manual Fix
TXN1900,2025-06-23 22:32:33,M-PESA,USD,E002,Insufficient funds,Retry
TXN1901,2025-07-08 06:36:13,M-PESA,USD,E006,Daily limit exceeded,Manual Fix
TXN1902,2025-07-10 15:04:02,PESALINK,KES,E002,Insufficient funds,Retry
TXN1903,2025-07-06 21:39:54,PESALINK,EUR,E001,Account does not exist,Manual Fix
TXN1904,2025-06-28 22:30:23,SWIFT,USD,E004,Invalid FX rate,Escalate
TXN1905,2025-06-24 05:52:50,PESALINK,USD,E005,Unauthorized access,Escalate
TXN1906,2025-07-13 20:23:20,RTGS,EUR,E001,Account does not exist,Manual Fix
TXN1907,2025-07-06 14:16:24,SWIFT,EUR,E003,Timeout occurred,Retry
TXN1908,2025-07-09 07:19:57,PESALINK,USD,E006,Daily limit exceeded,Manual Fix
TXN1909,2025-06-19 20:44:08,SWIFT,EUR,E001,Account does not exist,Manual Fix
TXN1910,2025-07-08 06:01:56,M-PESA,USD,E002,Insufficient funds,Retry
TXN1911,2025-07-02 07:50:04,RTGS,KES,E005,Unauthorized access,Escalate
TXN1912,2025-07-05 06:11:26,PESALINK,USD,E003,Timeout occurred,Retry
TXN1913,2025-07-01 14:45:46,PESALINK,KES,E003,Timeout occurred,Retry
TXN1914,2025-07-01 00:29:25,M-PESA,EUR,E005,Unauthorized access,Escalate
TXN1915,2025-06-20 12:17:53,RTGS,EUR,E002,Insufficient funds,Retry
TXN1916,2025-06-23 05:48:18,SWIFT,USD,E001,Account does not exist,Manual Fix
TXN1917,2025-07-01 10:40:46,PESALINK,KES,E004,Invalid FX rate,Escalate
TXN1918,2025-07-05 10:01:54,PESALINK,USD,E005,Unauthorized access,Escalate
TXN1919,2025-07-09 11:41:37,SWIFT,EUR,E006,Daily limit exceeded,Manual Fix
TXN1920,2025-06-29 10:13:43,SWIFT,KES,E002,Insufficient funds,Retry
TXN1921,2025-07-04 20:59:28,RTGS,EUR,E004,Invalid FX rate,Escalate
TXN1922,2025-07-12 03:20:22,SWIFT,USD,E001,Account does not exist,Manual Fix
TXN1923,2025-06-17 05:11:08,PESALINK,KES,E002,Insufficient funds,Retry
TXN1924,2025-07-07 12:20:28,SWIFT,EUR,E001,Account does not exist,Manual Fix
TXN1925,2025-06-19 17:01:39,SWIFT,USD,E003,Timeout occurred,Retry
TXN1926,2025-06-30 16:52:10,SWIFT,USD,E003,Timeout occurred,Retry
TXN1927,2025-06-27 16:29:47,M-PESA,EUR,E005,Unauthorized access,Escalate
TXN1928,2025-07-01 03:04:18,SWIFT,KES,E004,Invalid FX rate,Escalate
TXN1929,2025-06-21 01:29:20,M-PESA,EUR,E002,Insufficient funds,Retry
TXN1930,2025-07-05 01:19:43,RTGS,KES,E004,Invalid FX rate,Escalate
TXN1931,2025-07-10 09:58:43,M-PESA,EUR,E006,Daily limit exceeded,Manual Fix
TXN1932,2025-06-15 11:46:17,SWIFT,EUR,E006,Daily limit exceeded,Manual Fix
TXN1933,2025-07-11 18:35:52,RTGS,USD,E006,Daily limit exceeded,Manual Fix
TXN1934,2025-07-07 20:40:19,PESALINK,USD,E001,Account does not exist,Manual Fix
TXN1935,2025-07-05 11:53:55,RTGS,EUR,E001,Account does not exist,Manual Fix
TXN1936,2025-06-18 01:34:58,PESALINK,KES,E005,Unauthorized access,Escalate
TXN1937,2025-06-24 12:58:48,RTGS,KES,E001,Account does not exist,Manual Fix
TXN1938,2025-07-10 14:27:22,M-PESA,KES,E004,Invalid FX rate,Escalate
TXN1939,2025-07-02 23:56:02,PESALINK,KES,E005,Unauthorized access,Escalate
TXN1940,2025-07-09 15:13:01,PESALINK,USD,E002,Insufficient funds,Retry
TXN1941,2025-07-06 21:26:44,RTGS,USD,E005,Unauthorized access,Escalate
TXN1942,2025-06-17 22:33:45,SWIFT,USD,E006,Daily limit exceeded,Manual Fix
TXN1943,2025-06-25 07:35:35,M-PESA,KES,E003,Timeout occurred,Retry
TXN1944,2025-06-28 09:34:25,M-PESA,EUR,E006,Daily limit exceeded,Manual Fix
TXN1945,2025-07-12 02:19:04,RTGS,KES,E004,Invalid FX rate,Escalate
TXN1946,2025-06-21 19:04:19,SWIFT,USD,E001,Account does not exist,Manual Fix
TXN1947,2025-06-29 10:00:31,PESALINK,KES,E003,Timeout occurred,Retry
TXN1948,2025-07-06 16:52:22,SWIFT,USD,E003,Timeout occurred,Retry
TXN1949,2025-07-08 23:09:38,M-PESA,KES,E001,Account does not exist,Manual Fix
TXN1950,2025-06-21 07:54:07,PESALINK,USD,E004,Invalid FX rate,Escalate
TXN1951,2025-06-16 20:03:57,SWIFT,KES,E001,Account does not exist,Manual Fix
TXN1952,2025-07-14 23:49:02,SWIFT,EUR,E005,Unauthorized access,Escalate
TXN1953,2025-06-27 01:13:56,RTGS,KES,E005,Unauthorized access,Escalate
TXN1954,2025-06-23 02:57:16,RTGS,KES,E001,Account does not exist,Manual Fix
TXN1955,2025-06-30 12:28:50,SWIFT,EUR,E004,Invalid FX rate,Escalate
TXN1956,2025-07-12 04:12:16,M-PESA,EUR,E005,Unauthorized access,Escalate
TXN1957,2025-06-16 02:21:44,M-PESA,EUR,E005,Unauthorized access,Escalate
TXN1958,2025-07-12 05:51:00,M-PESA,USD,E004,Invalid FX rate,Escalate
TXN1959,2025-07-05 05:46:26,RTGS,KES,E003,Timeout occurred,Retry
TXN1960,2025-06-19 23:01:37,M-PESA,USD,E004,Invalid FX rate,Escalate
TXN1961,2025-06-26 08:13:32,PESALINK,KES,E002,Insufficient funds,Retry
TXN1962,2025-06-20 22:37:20,RTGS,KES,E004,Invalid FX rate,Escalate
TXN1963,2025-07-07 20:03:22,RTGS,KES,E001,Account does not exist,Manual Fix
TXN1964,2025-06-21 03:17:18,PESALINK,EUR,E002,Insufficient funds,Retry
TXN1965,2025-06-22 21:49:11,M-PESA,KES,E005,Unauthorized access,Escalate
TXN1966,2025-07-09 15:04:48,M-PESA,KES,E001,Account does not exist,Manual Fix
TXN1967,2025-06-29 14:28:26,PESALINK,KES,E001,Account does not exist,Manual Fix
TXN1968,2025-07-10 03:18:33,PESALINK,KES,E005,Unauthorized access,Escalate
TXN1969,2025-06-28 16:59:37,RTGS,KES,E004,Invalid FX rate,Escalate
TXN1970,2025-07-05 14:30:42,M-PESA,KES,E006,Daily limit exceeded,Manual Fix
TXN1971,2025-07-08 20:34:59,M-PESA,KES,E003,Timeout occurred,Retry
TXN1972,2025-07-08 08:36:23,M-PESA,KES,E003,Timeout occurred,Retry
TXN1973,2025-06-27 06:23:51,RTGS,EUR,E003,Timeout occurred,Retry
TXN1974,2025-07-07 14:37:31,PESALINK,EUR,E006,Daily limit exceeded,Manual Fix
TXN1975,2025-07-12 04:42:03,RTGS,KES,E002,Insufficient funds,Retry
TXN1976,2025-06-22 10:57:02,PESALINK,KES,E003,Timeout occurred,Retry
TXN1977,2025-07-04 01:20:26,M-PESA,EUR,E001,Account does not exist,Manual Fix
TXN1978,2025-06-24 16:30:27,M-PESA,EUR,E005,Unauthorized access,Escalate
TXN1979,2025-07-14 12:45:21,SWIFT,EUR,E005,Unauthorized access,Escalate
TXN1980,2025-07-10 02:34:26,M-PESA,KES,E004,Invalid FX rate,Escalate
TXN1981,2025-06-22 01:28:27,SWIFT,KES,E003,Timeout occurred,Retry
TXN1982,2025-06-18 19:45:54,PESALINK,USD,E006,Daily limit exceeded,Manual Fix
TXN1983,2025-06-28 20:16:55,RTGS,USD,E006,Daily limit exceeded,Manual Fix
TXN1984,2025-07-05 13:52:24,M-PESA,EUR,E003,Timeout occurred,Retry
TXN1985,2025-07-01 22:24:50,PESALINK,USD,E004,Invalid FX rate,Escalate
TXN1986,2025-07-10 01:59:16,PESALINK,EUR,E004,Invalid FX rate,Escalate
TXN1987,2025-06-28 09:42:33,PESALINK,EUR,E004,Invalid FX rate,Escalate
TXN1988,2025-06-15 13:25:09,RTGS,EUR,E001,Account does not exist,Manual Fix
TXN1989,2025-06-29 03:57:42,SWIFT,USD,E005,Unauthorized access,Escalate
TXN1990,2025-06-29 22:16:23,RTGS,USD,E002,Insufficient funds,Retry
TXN1991,2025-07-13 22:15:45,SWIFT,EUR,E006,Daily limit exceeded,Manual Fix
TXN1992,2025-07-13 14:05:24,PESALINK,KES,E006,Daily limit exceeded,Manual Fix
TXN1993,2025-07-09 04:54:10,SWIFT,USD,E004,Invalid FX rate,Escalate
TXN1994,2025-06-22 15:33:24,RTGS,USD,E001,Account does not exist,Manual Fix
TXN1995,2025-07-07 02:41:45,M-PESA,KES,E005,Unauthorized access,Escalate
TXN1996,2025-07-11 13:55:20,PESALINK,KES,E003,Timeout occurred,Retry
TXN1997,2025-07-08 22:43:45,M-PESA,KES,E006,Daily limit exceeded,Manual Fix
TXN1998,2025-07-02 04:31:44,PESALINK,USD,E001,Account does not exist,Manual Fix
TXN1999,2025-07-01 13:45:04,PESALINK,USD,E003,Timeout occurred,Retry
